OAID,AUTH,FORENAME,INITIALS,ORCID,SCOPUSID,WSCC_RESID,AUTH_COMMT,AUTH_URL,URL_DATE
OAID-000001,Abbühl,Luca A.,L. A.,,26427570600,,,,
OAID-000002,Abrahami,Rachel,R.,0000-0002-1406-3876,56983056700,,,,
OAID-000003,Adams,Byron A.,B. A.,0000-0001-8219-3544,55181943900,I-4243-2015,,,
OAID-000004,Aguilar,Germán,G.,0000-0002-3926-835X,36624833300,P-7681-2014,,,
OAID-000005,Andermann,Christoff,C.,0000-0003-0921-8455,35145340000,J-7935-2013,,,
OAID-000006,Ansberque,Claire,C.,0000-0003-4602-6911,56724222600,,,,
OAID-000007,Arkle,Jeanette C.,J. C.,0000-0003-0640-6178,55682758000,,,,
OAID-000008,Balco,Greg,G.,,6508182808,,,,
OAID-000009,Barreto,Helen N.,H. N.,,55638166000,,,,
OAID-000010,Bellin,Nicolas,N.,,25653815300,,,,
OAID-000011,Belmont,Patrick,P.,0000-0002-8244-3854,23003260900,,,,
OAID-000012,Bestland,Erick A.,E. A.,0000-0001-8424-9150,6602741368,F-1311-2015,,,
OAID-000013,Bierman,Paul R.,P. R.,0000-0001-9627-4601,7006832233,AAA-9466-2020,,,
OAID-000014,Binnie,Steven A.,S. A.,0000-0003-0883-0212,23003805700,,,,
OAID-000015,Bookhagen,Bodo,B.,0000-0003-1323-6453,6603446872,A-1389-2012,,,
OAID-000016,Brown,Erik Thorson,E. T.,0000-0001-7154-2729,35566488900,,,,
OAID-000017,Buechi,Marius W.,M. W.,0000-0001-7638-490X,55946010700,,ORCID unconfirmed,,
OAID-000018,Burdis,Abby Jade,A. J.,,,,,,
OAID-000019,Buscher,Jamie T.,J. T.,0000-0002-9089-4102,6506386026,M-2315-2016,,,
OAID-000020,Byun,Jongmin,J.,0000-0002-7309-9027,56573452800,,,,
OAID-000021,Callahan,Russell P.,R. P.,0000-0002-0091-3446,57210793869,,,,
OAID-000022,Carretier,Sébastien,S.,0000-0002-5527-5146,6603118126,L-4580-2017,,,
OAID-000023,Cazes,Gaël,G.,,57192676939,,,,
OAID-000024,Chadwick,Oliver A.,O. A.,0000-0002-4964-6203,57206172597,,,,
OAID-000025,Chappell,John M. A.,J. M. A.,,7102682272,,,,
OAID-000026,Charreau,Julien,J.,0000-0001-9313-0450,12792552000,,,,
OAID-000027,Chen,Chia-Yu,C.-Y.,,,,,,
OAID-000028,Cherem,Luis Felipe Soares,L. F. S.,0000-0002-4119-6690,44861063900,,,,
OAID-000029,Chittenden,Hannah,H.,,55966254600,,,,
OAID-000030,Clapp,Erik Matthew,E. M.,,55681084000,,,,
OAID-000031,Clapuyt,François,F.,0000-0001-9940-9356,56667612300,,,,
OAID-000032,Codilean,Alexandru T.,A. T.,0000-0003-1895-5633,13808095400,,,,
OAID-000033,Collignon,Marine,M.,0000-0003-1440-7058,55418974100,,,,
OAID-000034,Cook,Kristen L.,K. L.,0000-0003-2355-4877,36908597600,,,,
OAID-000035,Couto,Edivando Vitor do,,0000-0003-4264-8449,54413999800,,,,
OAID-000036,Cox,Rónadh,R.,0000-0002-1743-2702,55418385300,,,,
OAID-000037,Croke,Jacky,J.,0000-0002-0928-5327,57225698245,,,,
OAID-000038,Cyr,Andrew J.,A. J.,0000-0003-2293-5395,8855317700,,,,
OAID-000039,Darling,Andrew,A.,0000-0002-3510-1229,,,,,
OAID-000040,de Sordi,Michael Vinicius,M. V.,,56373315300,,check name in DB,,
OAID-000041,de Souza,Daniel H.,D. H.,,,,check name in DB,,
OAID-000042,Del Vecchio,Joanmarie,J.,,57203061411,,,,
OAID-000043,DeLong,Stephen B.,S. B.,0000-0002-0945-2172,12243654900,,,,
OAID-000044,Delunel,Romain,R.,0000-0001-7752-6498,S35728264500,J-3319-2014,,,
OAID-000045,Densmore,Alexander Logan,A. L.,0000-0003-0629-6554,7004510678,A-1630-2012,,,
OAID-000046,Derrieux,Florence,F.,,37033745800,,,,
OAID-000047,Dethier,David P.,D. P.,0000-0001-7501-1810,6701657297,,ORCID unconfirmed,,
OAID-000048,DiBiase,Roman A.,R. A.,0000-0002-5347-8396,35174228300,,ORCID unconfirmed,,
OAID-000049,Dietsch,Craig,C.,0000-0001-6130-5826,6603385668,,ORCID unconfirmed,,
OAID-000050,Dingle,Elizabeth H.,E. H.,0000-0003-0651-7337,57191445149,,,,
OAID-000051,Dirks,Paul H. G. M.,P. H. G. M.,0000-0002-1582-1405,7006682762,,ORCID unconfirmed,,
OAID-000052,Dixon,Jean Louise,J. L.,0000-0002-7763-4939,34871830900,B-2099-2012,,,
OAID-000053,Dortch,Jason M.,J. M.,0000-0002-8652-0394,24464054500,,,,
OAID-000054,Duxburry,Jane,J.,,,,,,
OAID-000055,Eccleshall,Sarah Victoria,S. V.,,,,,,
OAID-000056,Fame,Michelle L.,M. L.,0000-0002-0305-6910,57200132303,,ORCID unconfirmed,,
OAID-000057,Fellin,Maria Giuditta,M. G.,0000-0003-3545-3512,8523841500,,,,
OAID-000058,Ferrier,Ken L.,K. L.,0000-0003-4098-166X,12140263600,,,,
OAID-000059,Finnegan,Noah J.,N. J.,0000-0002-8505-6526,23004024900,,,,
OAID-000060,Foster,Melissa A.,M. A.,0000-0001-9242-6217,56647511400,,,,
OAID-000061,Fruchter,Noa J.,N. J.,0000-0001-6017-8570,24385543800,,ORCID unconfirmed,,
OAID-000062,Fuchs,Margret C.,M. C.,0000-0001-7210-1132,55423896200,,ORCID unconfirmed,,
OAID-000063,Garcin,Yannick,Y.,0000-0001-8205-494X,8938219600,,,,
OAID-000064,Glaus,Gabriel,G.,,,,,,
OAID-000065,Glotzbach,Christoph,C.,0000-0003-4591-3025,57211450593,,ORCID unconfirmed,,
OAID-000066,Godard,Vincent,V.,0000-0003-0143-5893,8315760100,,,,
OAID-000067,Granger,Darryl,D.,0000-0002-9894-8478,7201564476,,ORCID unconfirmed,,
OAID-000068,Grin,Elena,E.,,57188696820,,,,
OAID-000069,Grischott,Reto,R.,0000-0001-8025-3347,56786327700,,ORCID unconfirmed,,
OAID-000070,Gudmundsdottir,Maria H.,M. H.,,,,,,
OAID-000071,Guralnik,Benny,B.,0000-0003-3095-3868,35253625500,,,,
OAID-000072,Hattanji,Tsuyoshi,T.,,6507555127,,,,
OAID-000073,Heineke,Caroline,C.,,57189097314,,,,
OAID-000074,Heimsath,Arjun M.,A. M.,0000-0002-6300-6069,6603159701,,,,
OAID-000075,Henck,Amanda C.,A. C.,0000-0002-2658-5348,23090868000,,is Amanda Schmidt (OAID-000151),,
OAID-000076,Hetzel,Ralf,R.,0000-0002-3412-6344,7003345718,,,,
OAID-000077,Hewawasam,Tilak,T.,0000-0001-7927-9283,6504732191,,ORCID unconfirmed,,
OAID-000078,Hidy,Alan J.,A. J.,0000-0003-2916-1425,24472834700,,,,
OAID-000079,Hippe,Kristina,K.,0000-0003-0946-9772,,,,,
OAID-000080,Hurst,Martin D.,M. D.,0000-0002-9822-076X,38961405700,,,,
OAID-000081,Insel,Nadja,N.,0000-0001-5373-7901,28367740100,,ORCID unconfirmed,,
OAID-000082,Hu,Kai,K.,,,,,,
OAID-000083,Jonell,Tara N.,T. N.,0000-0002-6811-3816,56003528800,K-5091-2018,,,
OAID-000084,Kim,Dong-Eun,D.-E.,,,,,,
OAID-000085,Kirby,Eric,E.,0000-0002-5701-8688,35509468600,,ORCID unconfirmed,,
OAID-000086,Kirchner,James W.,J. W.,0000-0001-6577-3619,7201671604,B-6126-2009,,,
OAID-000087,Kober,Florian,F.,0000-0001-7096-6415,8591213500,,ORCID unconfirmed,,
OAID-000088,Korup,Oliver,O.,0000-0002-9084-1895,6602348460,,,,
OAID-000089,Larsen,Isaac J.,I. J.,0000-0003-3094-4830,7004986137,,ORCID unconfirmed,,
OAID-000090,Le Roux‐Mallouf,Romain,R.,0000-0002-6869-3910,56638540200,D-4945-2017,reconcile with DB and attribute table,,
OAID-000091,Lee,Borom,B.,0000-0001-8051-5239,56124667400,,ORCID unconfirmed,,
OAID-000092,Legrain,Nicolas,N.,,56237005900,,,,
OAID-000093,Li,Yingkui,Y.,0000-0002-3722-8960,15623541100,,,,
OAID-000094,Linari,Colleen L.,C. L.,,,,,,
OAID-000095,Lupker,Maarten,M.,0000-0001-7609-6246,34868423400,,,,
OAID-000096,Mandal,Sanjay Kumar,S. K.,0000-0001-5341-6788,56681706300,,,,
OAID-000097,Mariotti,Apolline,A.,,57212572639,,,,
OAID-000098,Marshall,Jill A.,J. A.,0000-0002-2388-2072,56451289100,,,,
OAID-000099,Matmon,Ari,A.,0000-0001-9692-7932,6602501003,,ORCID unconfirmed,,
OAID-000100,Matsushi,Yuki,Y.,,6506040704,,,,
OAID-000101,May,Jan-Hendrik,J.-H.,0000-0001-5758-9459,23492820200,,ORCID unconfirmed,,
OAID-000102,McCarthy,James A.,J. A.,,,,,,
OAID-000103,McElroy,Brandon,B.,0000-0002-9683-4282,6701361221,E-9391-2010,,,
OAID-000104,McPhillips,Devin,D.,,23669994600,,,,
OAID-000105,Mearce,Trevor,T.,,,,,,
OAID-000106,Meyer,Hinrich W.,H. W.,0000-0001-8140-4987,15134404300,,,,
OAID-000107,Molliex,Stéphane,S.,0000-0001-6082-4691,36970888100,,,,
OAID-000108,Moon,Seulgi,S.,0000-0001-5207-1781,16025241500,,,,
OAID-000109,Morel,Philipe,P.,,,,,,
OAID-000110,Morell,Kristin D.,K. D.,0000-0001-8464-3553,23036264600,,,,
OAID-000111,Munack,Henry,H.,0000-0002-3750-9674,54786849500,,,,
OAID-000112,Nakamura,Atsunori,A.,0000-0002-7322-8976,54936620100,L-5188-2018,,,
OAID-000113,Neely,Alexander B.,A. B.,0000-0001-6142-2627,57194503322,,,,
OAID-000114,Nichols,Kyle K.,K. K.,,7103268001,,,,
OAID-000115,Nóbile,Julieta C.,J. C.,0000-0002-9610-9021,50961444600,,,,
OAID-000116,Norton,Kevin P.,K. P.,0000-0002-7995-6464,15756031100,F-1606-2011,,,
OAID-000117,Cruz Nunes,Fábio,F.,,,,,,
OAID-000118,Ojha,Lujendra,L.,0000-0003-2086-4546,49661868700,,,,
OAID-000119,Olen,Stephanie M.,S. M.,0000-0002-9092-0964,55134973500,,,,
OAID-000120,Olivetti,Valerio,V.,0000-0001-8173-3860,36544089700,,,,
OAID-000121,Orem,Caitlin A.,C. A.,,37034870700,,,,
OAID-000122,Oskin,Michael E.,M. E.,0000-0002-6631-5326,6603767024,,,,
OAID-000123,Ott,Richard F.,R. F.,0000-0002-8257-0079,57210709695,,,,
OAID-000124,Ouimet,William B.,W. B.,0000-0002-1063-2082,7801682185,,ORCID unconfirmed,,
OAID-000125,Palumbo,Luigi,L.,,56276011600,,ORCID unconfirmed,,
OAID-000126,Penserini,Brian D.,B. D.,0000-0002-4283-4682,,,ORCID unconfirmed,,
OAID-000127,Pepin,Emilie,E.,,,,,,
OAID-000128,Perg,Lesley A.,L. A.,,21735456200,,,,
OAID-000129,Placzek,Christa J.,C. J.,0000-0001-6524-8355,8540533700,,,,
OAID-000130,Portenga,Eric W.,E. W.,0000-0002-0793-9972,45561601300,,ORCID unconfirmed,,
OAID-000131,Puchol,Nicolas,N.,,35201496000,,,,
OAID-000132,Quigley,Marc C.,M. C.,,,,,,
OAID-000133,Rades,Eike F.,E. F.,0000-0002-6287-6775,55919290100,,,,
OAID-000134,Reber,Regina,R.,0000-0003-1660-5613,36646731800,,,,
OAID-000135,Regalla,Christine,C.,0000-0003-2975-8336,18435249500,,,,
OAID-000136,Regard,Vincent,V.,0000-0002-5250-6068,36094627300,B-2585-2010,,,
OAID-000137,Reinhardt,Liam J.,L. J.,,16064287700,,,,
OAID-000138,Reusser,Lucas,L.,,6506731849,,,,
OAID-000139,Reuter,Joanna M.,J. M.,,7005314980,,,,
OAID-000140,Rezende,Éric Andrade,E. A.,0000-0001-7594-7133,,,,,
OAID-000141,Riebe,Clifford S.,C. S.,0000-0002-8744-8208,6603274927,,,,
OAID-000142,Roller,Sybille,S.,,7003682305,,,,
OAID-000143,Rosenkranz,Ruben,R.,0000-0002-7237-5886,57200320405,,,,
OAID-000144,Safran,Elizabeth B.,E. B.,,,,,,
OAID-000145,Salgado,André Augusto Rodrigues,A. A. R.,0000-0001-7679-5944,12140916400,G-4993-2012,,,
OAID-000146,Savi,Sara,S.,0000-0001-5515-753X,55454193100,,ORCID unconfirmed,,
OAID-000147,Schaller,Mirjam,M.,0000-0003-4638-0873,57198360266,,,,
OAID-000148,Scharf,Taryn E.,T. E.,0000-0002-2791-430X,,,ORCID unconfirmed,,
OAID-000149,Scherler,Dirk,D.,0000-0003-3911-2803,14052807300,G-2066-2016,,,
OAID-000150,Schildgen,Taylor F.,T. F.,0000-0002-4236-4609,6507452097,,,,
OAID-000151,Schmidt,Amanda H.,A. H.,0000-0002-2658-5348,23090868000,,is Amanda Henck (OAID-000075),,
OAID-000152,Siame,Lionel L.,L. L.,0000-0002-4288-9528,6602252411,,,,
OAID-000153,Sosa-Gonzalez,Veronica,V.,,57189597054,,,,
OAID-000154,Starke,Jessica,J.,0000-0002-2619-0880,57072962300,,,,
OAID-000155,Stock,Greg M.,G. M.,0000-0002-3219-0481,8960489600,,,,
OAID-000156,Stolle,Amelie,A.,0000-0001-9254-4635,56015077300,,ORCID unconfirmed,,
OAID-000157,Strobl,Marcus,M.,0000-0001-8265-227X,36775685700,,,,
OAID-000158,Struck,Martin,M.,0000-0001-6918-6374,56594692500,,,,
OAID-000159,Struth,Lucía,L.,0000-0002-1944-3691,56426570500,,,,
OAID-000160,Stutenbecker,Laura,L.,0000-0001-9769-8342,56426570500,,,,
OAID-000161,Sullivan,Colleen L.,C. L.,0000-0001-7881-6673,,,ORCID unconfirmed,,
OAID-000162,Tofelde,Stefanie,S.,,57028362000,,,,
OAID-000163,Tomkins,Kerrie M.,K. M.,0000-0001-6163-3416,6507220104,B-5015-2016,,,
OAID-000164,Torres Acosta,Verónica,V.,0000-0003-2583-8494,56763846200,,,,
OAID-000165,Tranel,Lisa M.,L. M.,0000-0002-1312-3566,37065418700,,,,
OAID-000166,Val,Pedro,P.,0000-0001-5370-4122,55963440700,,,,
OAID-000167,Van den Berg,Fabien,F.,,54885583700,,,,
OAID-000168,van Dongen,Renee,R.,0000-0002-7246-511X,,,,,
OAID-000169,Vanacker,Veerle,V.,0000-0002-8237-3446,6602448409,,,,
OAID-000170,Vance,Derek,D.,0000-0002-6140-6325,57204303325,,ORCID unconfirmed,,
OAID-000171,Varajão,César Augusto Chicarino,C. A. C.,0000-0002-2531-7165,6506076560,,ORCID unconfirmed,,
OAID-000172,von Blanckenburg,Friedhelm,F.,0000-0002-2964-717X,6701424845,RK-4711-2013,,,
OAID-000173,Walcek,Alina,A.,,,,,,
OAID-000174,Wang,Yang,Y.,,,,,,
OAID-000175,Wang,Wei,W.,0000-0003-3227-4885,,,,,
OAID-000176,West,A. Joshua,A. J.,0000-0001-6909-1471,26538380300,,,,
OAID-000177,Willenbring,Jane K.,J. K.,0000-0003-2722-9537,24554600700,B-6431-2011,,,
OAID-000178,Wittmann,Hella,H.,0000-0002-1252-7059,23767732900,F-9391-2011,,,
OAID-000179,Wobus,Cameron,C.,0000-0002-9654-1738,6602398842,,,,
OAID-000180,Wölfler,Andreas,A.,,25123236200,,,,
OAID-000181,Young,Holly H.,H. H.,,57204519618,,,,
OAID-000182,Butler,Jonathan James,J. J.,,,,,,
OAID-000183,Fisher,Luke H.,L. H.,,,,,,
OAID-000184,Seagren,Erin G.,E. G.,0000-0003-1996-9121,57209421035,,,,
OAID-000185,He,Chuanqi,C.,0000-0003-2644-5457,57196475069,C-3267-2018,,,
OAID-000186,Riley,Kerry E.,K. E.,,57205913503,,,,
OAID-000187,Bender,Adrian M.,A. M.,0000-0001-7469-1957,56406916000,,,,
OAID-000188,Rossi,Matthew W.,M. W.,0000-0003-1846-5191,57129684100,V-2087-2017,,,
OAID-000189,Jansen,John D.,J. D.,0000-0002-0669-5101,56962780100,,,,
OAID-000190,Heyman,Jakob,J.,,25821842500,,,,
OAID-000191,Mason,Cody C.,C. C.,0000-0003-4065-3535,57193683265,,,,
OAID-000192,Roda-Boluda,Duna C.,D.,0000-0003-2652-071X,56418630200,,,,
OAID-000193,Allen,Jim,J.,,55477883800,,,,
OAID-000194,Archer,Michael,M.,0000-0002-0304-4039,7102488403,,,,
OAID-000195,Atchison,Jennifer,J.,0000-0003-1173-8943,,,,,
OAID-000196,Attenbrow,Val,V.,0000-0003-2897-4934,,,,,
OAID-000197,Ayliffe,Linda,L.,,,C-3627-2009,,,
OAID-000198,Backhouse,John,J.,,,,,,
OAID-000199,Bailey,Geoff N.,G. N.,0000-0003-2656-830X,7202790977,,,,
OAID-000200,Baird,Robert F,R. F.,,,,,,
OAID-000201,Balme,Jane,J.,0000-0003-1387-9379,8861983900,H-8787-2014,,,
OAID-000202,Banerjee,Debabrata,D.,,,,,,
OAID-000203,Banks,Maxwell,M.,,,,,,
OAID-000204,Barbetti,Michael,M.,,,,,,
OAID-000205,Barker,Bryce,B.,0000-0002-6008-6411,,,,,
OAID-000206,Barrie,John,J.,,,,,,
OAID-000207,Baynes,Alexander,A.,,,,,,
OAID-000208,Beaton,John M.,J. M.,,,,,,
OAID-000209,Bell,William Terence,W. T.,,,,,,
OAID-000210,Bird,Michael I.,M. I.,0000-0003-1801-8703,7102578362,G-5364-2010,,,
OAID-000211,Bourman,Robert Peter,R. P.,,,,,,
OAID-000212,Bowdler,Sandra,S.,0000-0003-2755-7602,,,,,
OAID-000213,Bowler,James Maurice,J. M.,,,,,,
OAID-000214,Bowman,Hugo H.,H. H.,,,,,,
OAID-000215,Brown,Peter,P.,,,,,,
OAID-000216,Brown,Steve P.,S. P.,,,,,,
OAID-000217,Buckley,James,J.,,,,,,
OAID-000218,Cafiyn,P.,P.,,,,,,
OAID-000219,Calaby,John Henry,J. H.,,,,,,
OAID-000220,Callen,Roger Arthur,R. A.,,,,,,
OAID-000221,Cheetham,Michael D.,M. D.,,,,,,
OAID-000222,Chen,Xiangyang,X.,,,,,,
OAID-000223,Clark,Peter Malcom,P. M.,,,,,,
OAID-000224,Clarkson,Christopher James,C. J.,0000-0002-8938-8974,36885327100,,,,
OAID-000225,Cohen,Timothy J.,T. J.,0000-0003-4081-9523,7202415722,,,,
OAID-000226,Coleman,Maria,M.,,,,,,
OAID-000227,Colhoun,Eric A.,E. A.,,,,,,
OAID-000228,Cook,Ellyn J.,E. J.,,,,,,
OAID-000229,Cosgrove,Richard,R.,,,,,,
OAID-000230,Couri,J.,J.,,,,,,
OAID-000231,Coventry,R. J.,R. J.,,,,,,
OAID-000232,Cramb,Jonathan,J.,,,,,,
OAID-000233,Cupper,Matthew L.,M. L.,0000-0002-1221-8686,,,,,
OAID-000234,Daley,James S.,J. S.,0000-0003-4271-5664,,,,,
OAID-000235,David,Bruno,B.,0000-0002-8567-6135,14040134600,,,,
OAID-000236,Davis,A. C.,A. C.,,,,,,
OAID-000237,Dawson,L.,L.,,,,,,
OAID-000238,Denham,Tim,T.,0000-0002-8164-2990,6602644857,,,,
OAID-000239,Dodson,John,J.,0000-0002-0124-5910,7006033210,,,,
OAID-000240,Donaldson,P.,P.,,,,,,
OAID-000241,Dortch,Charles E.,C. E.,,,,,,
OAID-000242,Dortch,Joe,J.,0000-0002-0510-5456,6506841283,C-6296-2014,,,
OAID-000243,Downie,J. E.,J. E.,,,,,,
OAID-000244,Doyle,Christopher J.,C. J.,,,,,,
OAID-000245,Duller,Geoff A. T.,G. A. T.,0000-0002-2694-4590,7006321448,D-5110-2015,,,
OAID-000246,English,Pauline,P.,,,,,,
OAID-000247,Eriksson,Mats G.,M. G.,,,,,,
OAID-000248,Fagan,Simon D.,S. D.,,,,,,
OAID-000249,Fergusson,G. J.,G. J.,,,,,,
OAID-000250,Field,Judith H.,J. H.,0000-0001-6807-1858,35239626800,,,,
OAID-000251,Fitzsimmons,Kathryn E.,K. E.,0000-0002-9337-0793,,P-3471-2014,,,
OAID-000252,Flannery,Timothy F.,T. F.,,,,,,
OAID-000253,Flood,Josephine Mary,J. M.,,,,,,
OAID-000254,Forbes,Matthew,M.,0000-0001-7535-3976,,,,,
OAID-000255,Fraser,Rebecca,R.,,,,,,
OAID-000256,Fu,Xiao,X.,0000-0002-4666-8749,,,,,
OAID-000257,Fujioka,Toshiyuki,T.,,,,,,
OAID-000258,Fullagar,Richard L. K.,R. L. K.,0000-0003-1047-1466,6602230399,,,,
OAID-000259,Furlonger,L.,L.,,,,,,
OAID-000260,Galbraith,Rex F.,R. F.,0000-0002-5723-4567,,,ORCID unconfirmed,,
OAID-000261,Gale,Stephen J.,S. J.,,,,,,
OAID-000262,Gardner,G. J.,G. J.,,,,,,
OAID-000263,Gardner,Thomas W.,T. W.,,,,,,
OAID-000264,Garvey,Jilian M.,J. M.,,,,,,
OAID-000265,Gill,Edmund D.,E. D.,,,,,,
OAID-000266,Gillespie,Richard,R.,0000-0003-0555-2595,,,ORCID unconfirmed,,
OAID-000267,Gliganic,Luke,L.,0000-0001-8998-0081,,,ORCID unconfirmed,,
OAID-000268,Goede,Albert,A.,,,,,,
OAID-000269,Gorecki,Paul P.,P. P.,,,,,,
OAID-000270,Goudie,Andrew S.,A. S.,0000-0002-5496-8207,7101905477,,,,
OAID-000271,Gould,Richard A.,R. A.,,,,,,
OAID-000272,Gouramanis,Chris,C.,0000-0003-2867-2258,36172890400,,,,
OAID-000273,Grant-Taylor,T. L.,T. L.,,,,,,
OAID-000274,Grellet-Tinner,Gerald,G.,0000-0001-5835-108X,,,,,
OAID-000275,Gresham,R.,R.,,,,,,
OAID-000276,Grun,Rainer,R.,0000-0003-1366-3674,,A-1437-2012,,,
OAID-000277,Gully,Grant Ashley,G. A.,,,,,,
OAID-000278,Gunn,Robert G.,R. G.,0000-0002-7565-8697,26648502700,,,,
OAID-000279,Haberlah,David,D.,,,,,,
OAID-000280,Haberle,Simon Graeme,S. G.,0000-0001-5802-6535,6701820868,,,,
OAID-000281,Hamm,Giles,G.,,,,,,
OAID-000282,Harrison,Rodney,R.,0000-0002-5030-0525,7403907498,,,,
OAID-000283,Herczeg,Andrew L.,A. L.,0000-0002-3788-2743,,,ORCID unconfirmed,,
OAID-000284,Hesse,Paul P.,P. P.,0000-0001-8709-2523,56367075100,,,,
OAID-000285,Hewitt,Geoff,G.,,,,,,
OAID-000286,Hisock,Peter,P.,,,,,,
OAID-000287,Hocknull,Scott A.,S. A.,0000-0003-4157-8434,6508238163,,,,
OAID-000288,Hollands,Cameron B.,C. B.,,,,,,
OAID-000289,Hope,Jeannette,J.,,,,,,
OAID-000290,Hope,Geoffrey S.,G. S.,0000-0001-8366-0677,,,,,
OAID-000291,Hubbs,Carl L.,C. L.,,,,,,
OAID-000292,Hughes,Kate,K.,,,,,,
OAID-000293,Hughes,Philip J.,P. J.,0000-0001-7928-5229,,,ORCID unconfirmed,,
OAID-000294,Humphreys,Geoffrey S.,G. S.,,,,,,
OAID-000295,Huxtable,Joan,J.,,,,,,
OAID-000296,James,Daniel,D.,,,,,,
OAID-000297,Jankowski,Nathan R.,N. R.,0000-0003-2846-1792,37072393800,,,,
OAID-000298,Jones,Rhys Maengwyn,R. M.,,,,,,
OAID-000299,Joyce,Laurence John,L. J.,,,,,,
OAID-000300,Kemp,Justine,J.,0000-0003-0472-6960,,,,,
OAID-000301,Kermode,Stephanie J.,S. J.,0000-0002-4390-1023,,,,,
OAID-000302,Kershaw,A. Peter,A. P.,0000-0002-9478-0567,57200393893,,,,
OAID-000303,Kiernan,Kevin,K.,,,,,,
OAID-000304,Kigoshi,Kunihiko,K.,,,,,,
OAID-000305,Kirk,Robert Lewis,R. L.,,,,,,
OAID-000306,Krapf,Carmen,C.,,,,,,
OAID-000307,Krueger,Harold W.,H. W.,,,,,,
OAID-000308,Lampert,Ronald J.,R. J.,,,,,,
OAID-000309,Langley,Michelle C.,M. C.,0000-0002-0299-5561,,,,,
OAID-000310,Larsen,Joshua Redder,J. R.,0000-0002-0650-7369,24553867600,,,,
OAID-000311,Lawrie,Ken,K.,,,,,,
OAID-000312,Leonard,Sonia,S.,,,,,,
OAID-000313,Letnic,Mike,M.,0000-0003-4191-8427,,,,,
OAID-000314,Lilley,Ian,I.,,,,,,
OAID-000315,Lintern,Melvyn,M.,0000-0002-4436-6165,M-6809-2013,,,,
OAID-000316,Littleton,Judith,J.,0000-0003-2622-3432,M-3784-2017,,,,
OAID-000317,Lomax,Johanna,J.,0000-0002-6497-9938,,,,,
OAID-000318,Long,Kelsie,K.,0000-0003-3267-5574,,,,,
OAID-000319,Lourandos,Harry,H.,,6506014767,,,,
OAID-000320,Lowry,Jacoba W. J.,J. W. J.,,,,,,
OAID-000321,Macken,Amy C.,A. C.,,42061886200,,,,
OAID-000322,Magee,John William,J. W.,,7202714175,,,,
OAID-000323,Maloney,Tim Ryan,T.R.,0000-0002-1167-4743,56292330600,,,,
OAID-000324,Maroulis,Jerry C.,J. C.,0000-0002-6039-8693,6506070575,,,,
OAID-000325,McCarthy,Frederick D.,F. C.,,,,,,
OAID-000326,McCue,Kevin F.,K. F.,,7006921446,,,,
OAID-000327,McDonald,Josephine,J.,0000-0002-2701-7406,25925151400,H-5404-2014,,,
OAID-000328,McDowell,Matthew C.,M. C.,0000-0001-8009-4171,,,,,
OAID-000329,McIntosh,Peter D.,P. D.,,,,,,
OAID-000330,McNamara,G. C.,G. C.,,,,,,
OAID-000331,McNiven,Ian J.,I. J.,0000-0001-5767-2199,,,,,
OAID-000332,McPherson,Andrew,A.,,,,,,
OAID-000333,Medlin,Graham C.,G. C.,,,,,,
OAID-000334,Merrilees,Duncan,D.,,,,,,
OAID-000335,Milham,Paul,P.,,,,,,
OAID-000336,Miller,Gifford H.,G. H.,,,,,,
OAID-000337,Moore,David R.,D. R.,,,,,,
OAID-000338,Morse,Katheryn,K.,0000-0001-8917-3167,,,ORCID unconfirmed,,
OAID-000339,Morwood,Michael John,M. J.,,,,,,
OAID-000340,Mountain,Mary Jane,M. J.,,,,,,
OAID-000341,Mueller,Daniela,D.,0000-0001-6247-3418,,,,,
OAID-000342,Muller,Joanne,J.,,,,,,
OAID-000343,Mulvaney,Derek John,D. J.,,,,,,
OAID-000344,Murray,Peter,P.,,,,,,
OAID-000345,Nanson,Gerald C.,G. C.,,,,,,
OAID-000346,Neal,Robert,R.,,,,,,
OAID-000347,Nott,Jonathan F.,J. F.,0000-0001-7258-017X,7006244142,H-5156-2011,,,
OAID-000348,O'Connor,Sue,S.,0000-0001-9381-078X,8707659200,,,,
OAID-000349,Ogden,Ralph,R.,,,,,,
OAID-000350,Olley,Jon M.,J. M.,,,,,,
OAID-000351,Osborne,Armstrong,A.,,,,,,
OAID-000352,Oyston,Ben,B.,,,,,,
OAID-000353,Page,Kenneth J.,K. J.,,,,,,
OAID-000354,Partridge,Jeannette,J.,,,,,,
OAID-000355,Pate,Frank Donald,F. D.,0000-0002-0238-0217,25948215600,,,,
OAID-000356,Paton,Robert,R.,,,,,,
OAID-000357,Patton,Peter C.,P. C.,,,,,,
OAID-000358,Pietsch,Timothy J.,T. J.,,,,,,
OAID-000359,Pike-Tay,Anne,A.,,,,,,
OAID-000360,Pledge,Neville S.,N. S.,,,,,,
OAID-000361,Polach,Henry A.,H. A.,,,,,,
OAID-000362,Prescott,John Russel,J. R.,,,,,,
OAID-000363,Pretty,Graeme Lloyd,G. L.,,,,,,
OAID-000364,Price,Gilbert J.,G. J.,0000-0001-8406-4594,8638312300,N-3282-2013,,,
OAID-000365,Prideaux,Gavin J.,G. J.,0000-0002-9958-0265,6506734415,,,,
OAID-000366,Pucillo,Kevin,K.,,,,,,
OAID-000367,Quigley,Mark C.,M. C.,,,,,,
OAID-000368,Readhead,Mark L.,M. L.,,,,,,
OAID-000369,Reed,Elizabeth H.,E. H.,,,,,,
OAID-000370,Richards,Thomas W.,T. W.,,,,,,
OAID-000371,Rieser,Uwe,U.,,,,,,
OAID-000372,Ringrose,Susan,S.,,,,,,
OAID-000373,Roberts,Amy,A.,,,,,,
OAID-000374,Roberts,Richard Graham,R. G.,0000-0002-0128-4119,7404281684,,,,
OAID-000375,Rosenfeld,Andreé,A.,,7201932388,,,,
OAID-000376,Rust,Brian R.,B. R.,,,,,,
OAID-000377,Rustomji,Paul,P.,,,,,,
OAID-000378,Sanson,Gordon Drummon,G. D.,,,,,,
OAID-000379,Sheard,Malcom John,M. J.,,,,,,
OAID-000380,Sherwood,John E.,J. E.,,,,,,
OAID-000381,Shin,Jaeryul,J.,,,,,,
OAID-000382,Shine,Denis,D.,,,,,,
OAID-000383,Shulmeister,James,J.,0000-0001-5863-9462,6701753955,J-2859-2015,,,
OAID-000384,Sim,Anna K.,A. K.,,,,,,
OAID-000385,Singh,G.,G.,,,,,,
OAID-000386,Slack,Michael Jon,M.,,,,,,
OAID-000387,Smith,Michael Alexander,M. A.,,,,nla.gov.au/nla.obj-266835852,,
OAID-000388,Stern,Nicola,N.,0000-0002-3948-9371,,,,,
OAID-000389,Stone,Tim,T.,,,,,,
OAID-000390,Sullivan,Marjorie Edith,M. E.,0000-0001-9856-2375,,,ORCID unconfirmed,,
OAID-000391,Sutton,Alice,A.,,,,,,
OAID-000392,Tedford,Richard H.,R. H.,,,,,,
OAID-000393,Telfer,Matt W.,M. W.,0000-0002-8562-7720,,,,,
OAID-000394,Theden-Ringl,Fenja,F.,,,,,,
OAID-000395,Thom,Bruce,B.,,,,,,
OAID-000396,Thomas,Michael F.,M. F.,,,,,,
OAID-000397,Thorne,Alan Gordon,A. G.,,,,,,
OAID-000398,Tindale,Norman B.,N. B.,,,,,,
OAID-000399,Tooth,Stephen,S.,0000-0001-5714-2606,6602709798,B-6105-2013,,,
OAID-000400,Turney,Chris S. M.,C. S. M.,0000-0001-6733-0993,7003984281,P-8701-2018,,,
OAID-000401,Twidale,Charles Rowland,C. R.,,,,,,
OAID-000402,van Huet,Sanja,S.,,,,,,
OAID-000403,Veth,Peter,P.,0000-0002-1717-6390,6507514733,H-6013-2014,,,
OAID-000404,Walker,P. H.,P. H.,,,,,,
OAID-000405,Wallis,Lynley A.,L. A.,0000-0002-9324-8069,7006224763,,,,
OAID-000406,Ward,Ingrid Alexandra Kirsten,I. A. K.,0000-0002-0566-1479,7202056006,K-8513-2013,,,
OAID-000407,Warner,Robin F.,R. F.,,,,,,
OAID-000408,Wasson,Robert J.,R. J.,0000-0003-4318-1182,,,,,
OAID-000409,Webb,Stephen G.,S. G.,,,,,,
OAID-000410,Wells,Roderick Turner,R. T.,,,,,,
OAID-000411,Wende,Rainer,R.,,,,,,
OAID-000412,Wesley,Daryl,D.,0000-0002-3537-5668,36718426700,,,,
OAID-000413,White,Lauren C.,L. C.,0000-0001-8085-9293,,,,,
OAID-000414,White,John Peter,J. P.,0000-0003-1805-1917,14523833600,,ORCID unconfirmed,,
OAID-000415,Wilkins,Daniel,D.,0000-0003-2081-483X,,,,,
OAID-000416,Williams,Nicola,N.,,,,,,
OAID-000417,Williams,Dominic Lionel G.,D. L. G.,,,,,,
OAID-000418,Williams,Rory,R.,0000-0003-4287-8981,56389790500,,,,
OAID-000419,Wood,Rachel,R.,0000-0002-1694-3295,35202563700,K-5577-2016,,,
OAID-000420,Woods,Jack T.,J. T.,,,,,,
OAID-000421,Wray,Robert A. L.,R. A. L.,,,,,,
OAID-000422,Wright,R. V. S.,R. V. S.,,,,,,
OAID-000423,Wyrwoll,Karl-Heinz,K.-H.,,,,,,
OAID-000424,Young,Robert W.,R. W.,,,,,,
OAID-000425,Yu,Lili,L.,,,,,,
OAID-000426,Allen,Frederick James,F. J.,,,,,,
OAID-000427,Allen,Harry,H.,0000-0001-8199-7364,,,ORCID unconfirmed,,
OAID-000428,Asmussen,Brit,B.,0000-0001-8443-1892,25721536200,,,,
OAID-000429,Bird,Caroline F. M.,C. F. M.,,,,,,
OAID-000430,Boot,Philip,P.,,,,,,
OAID-000431,Bourke,Patricia M.,P. M.,,,,,,
OAID-000432,Brockwell,Celia Jane,C. J.,0000-0003-1475-7971,,,is Sally Brockwell (OAID-000433),,
OAID-000433,Brockwell,Sally,S.,0000-0003-1475-7971,,,is Celia Jane Brockwell (OAID-000432),,
OAID-000434,Byrne,Chae,C.,0000-0002-8421-1993,,,,,
OAID-000435,Campbell,Valerie,V.,,,,,,
OAID-000436,Campbell,John B.,J. B.,,,,,,
OAID-000437,Carter,Melissa,M.,,,,,,
OAID-000438,Clarke,Anne Fiona,A. F.,,,,,,
OAID-000439,Clune,Genevieve,G.,,,,,,
OAID-000440,Colley,Sarah M.,S. M.,,,,,,
OAID-000441,Connah,Graham,G.,0000-0002-9436-0431,,,,,
OAID-000442,Coutts,Peter John Frazer,P. J. F.,,,,,,
OAID-000443,Cropper,Dawn,D.,,,,,,
OAID-000444,Davidson,Iain,I.,0000-0003-1840-9704,,,ORCID unconfirmed,,
OAID-000445,Delannoy,Jean-Jacques,J.-J.,0000-0002-2815-4920,7004533397,,,,
OAID-000446,Dias,Adam,A.,,,,,,
OAID-000447,Ditchfield,Kane,K.,0000-0002-9555-4393,56688641000,,,,
OAID-000448,Eales,Tony,T.,,,,,,
OAID-000449,Edwards,Kevin,K.,,,,,,
OAID-000450,Egloff,Brian,B.,,,,,,
OAID-000451,Fanning,Patricia C.,P. C.,0000-0003-3113-1444,,,,,
OAID-000452,Faulkner,Patrick,P.,0000-0002-1501-6967,,,,,
OAID-000453,Frankel,David R.,D.,0000-0001-5447-8745,,,,,
OAID-000454,Godfrey,Michael C. S.,M. C. S.,,,,,,
OAID-000455,Gowlett,John A. J.,J. A. J.,0000-0002-9064-973X,,,,,
OAID-000456,Guse,Daryl Lloyd,D. L.,,,,,,
OAID-000457,Hall,Jay,J.,,55483898100,,,,
OAID-000458,Head,Lesley,L.,0000-0002-5114-7614,7006298113,,,,
OAID-000459,Holdaway,Simon,S.,0000-0002-9948-3182,6603091783,,,,
OAID-000460,Horsfall,Nicky,N.,,,,,,
OAID-000461,Johnston,Harvey,H.,,,,,,
OAID-000462,Johnston,Rochelle,R.,,,,,,
OAID-000463,Jones,Tristen,T.,0000-0002-2962-674X,56292037000,,,,
OAID-000464,Kalish,John M.,J. M.,,,,,,
OAID-000465,Kohen,Jim L.,J. L.,,,,,,
OAID-000466,Law,W. Boone,W. B.,0000-0002-9803-4924,,,,,
OAID-000467,Lentfer,Carol Joy,C. J.,0000-0002-3815-4254,,,,,
OAID-000468,Lister,Mirani,M.,,,,,,
OAID-000469,Low,Marika A.,M. A.,0000-0002-5013-5822,,,,,
OAID-000470,Lowe,Kelsey M.,K. M.,0000-0002-0857-2877,24470895400,H-1826-2014,,,
OAID-000471,Loy,Thomas H.,T. H.,,,,,,
OAID-000472,Luebbers,Roger A.,R. A.,,,,,,
OAID-000473,Macknight,Charles Campbell,C. C.,0000-0001-5825-2348,,,,,
OAID-000474,Mardaga-Campbell,Mireille,M.,,,,,,
OAID-000475,Marsh,Michael,M.,,,,,,
OAID-000476,Marshall,H.,H.,,,,,,
OAID-000477,Marwick,Ben,B.,0000-0001-7879-4531,8572128400,H-1747-2013,,,
OAID-000478,McBryde,Isabel,I.,,,,,,
OAID-000479,Meehan,Betty,B.,,,,,,
OAID-000480,Mein,Erin,E.,,,,,,
OAID-000481,Memmott,Paul,P.,0000-0003-0968-0666,,,,,
OAID-000482,Mills,Robynne A.,R. A.,,,,,,
OAID-000483,Mitchell,Scott,S.,,,,,,
OAID-000484,Monks,Carly,C.,,,,,,
OAID-000485,Moore,Mark W.,M. W.,0000-0003-4768-5329,7404470187,B-4729-2015,,,
OAID-000486,Mowat,Fiona,F.,,,,,,
OAID-000487,Murray-Wallace,Colin V.,C. V.,0000-0002-3029-9141,7004591773,,,,
OAID-000488,Napton,Kyle,K.,,,,,,
OAID-000489,Nelson,D. Erle,D. E.,,,,,,
OAID-000490,Porch,Nick,N.,0000-0001-7179-3843,,,,,
OAID-000491,Przywolnik,Kathryn,K.,,,,,,
OAID-000492,Reid,Jill,J.,0000-0002-3581-064X,,,,,
OAID-000493,Reynen,Wendy,W.,0000-0002-9870-027X,57191169751,,,,
OAID-000494,Roberts,Andrew,A.,,,,,,
OAID-000495,Robins,Richard P.,R. P.,,,,,,
OAID-000496,Roche,Nicola,N.,,,,,,
OAID-000497,Rosendahl,Daniel,D.,0000-0003-0360-3969,17344702600,M-9619-2016,,,
OAID-000498,Schrire,Carmel,C.,,,,,,
OAID-000499,Sim,Robin,R.,,,,,,
OAID-000500,Ulm,Sean,S.,0000-0001-6653-9963,17344329100,A-3854-2010,,,
OAID-000501,Smith,Moya,M.,0000-0001-8034-381X,,,ORCID unconfirmed,,
OAID-000502,Summerhayes,Glenn R.,G. R.,0000-0002-0654-1305,23991856200,,,,
OAID-000503,Szabo,Katherine,K.,0000-0002-9542-6535,22836712200,,,,
OAID-000504,Taçon,Paul S. C.,P. S. C.,0000-0002-0280-4366,55919228000,,,,
OAID-000505,Thorley,Peter B.,P. B.,,,,,,
OAID-000506,Veitch,Bruce,B.,,,,,,
OAID-000507,Walshe,Keryn,K.,0000-0002-8876-9310,,,,,
OAID-000508,Watchman,Alan L.,A. L.,,,,,,
OAID-000509,Webb,R. Esmée,R. E.,,57198613967,,,,
OAID-000510,Williams,Elizabeth,E.,,,,,,
OAID-000511,Williams,Alan,A.,0000-0003-4133-4229,,,,,
OAID-000512,Wilson,Christopher,C.,0000-0002-0218-6895,24074921500,,,,
OAID-000513,Winton,Vicky,V.,,,,,,
OAID-000514,Woodrofe,Colin D.,C. D.,,,,,,
OAID-000515,Wright,Martin,M.,,,,,,
OAID-000516,Zobel,Daniel E.,D. E.,,,,,,
OAID-000517,Abramowski,Uwe,U.,,,,,,
OAID-000518,Ackert,Robert P.,R. P.,,,,,,
OAID-000519,Akçar,Naki,N.,0000-0002-5604-3179,,,,,
OAID-000520,Alexanderson,Helena,H.,0000-0002-5573-1906,,,,,
OAID-000521,Alloway,Brent,B.,0000-0003-1830-5163,,,ORCID unconfirmed,,
OAID-000522,Altmeier,Marcus,M.,,,,,,
OAID-000523,Amidon,William H.,W. H.,0000-0003-2379-132X,,,ORCID unconfirmed,,
OAID-000524,Amos,Colin B.,C. B.,0000-0002-3862-9344,,,,,
OAID-000525,Andersen,Jane Lund,J. L.,0000-0003-2829-6352,,,,,
OAID-000526,Anderson,Jacob T. H.,J. T. H.,,,,,,
OAID-000527,Angel,Isandra,I.,,,,,,
OAID-000528,Anjar,Johanna,J.,0000-0001-9927-1510,,,,,
OAID-000529,Aoki,Tatsuto,T.,0000-0002-9374-3596,,,ORCID unconfirmed,,
OAID-000530,Arzhannikov,Sergei G.,S. G.,0000-0002-4389-3684,,,ORCID unconfirmed,,
OAID-000531,Augustinus,Paul,P.,0000-0002-1391-2151,,,,,
OAID-000532,Badding,Michael E.,M. E.,,,,,,
OAID-000533,Bai,Mingkun,M.,,,,,,
OAID-000534,Balbas,Andrea M.,A. M.,,,,,,
OAID-000535,Ballantyne,Colin K.,C. K.,0000-0002-6044-9198,,,,,
OAID-000536,Stone,John O. H.,J. O. H.,,,,,,
OAID-000537,Stroeven,Arjen P.,A. P.,0000-0001-8812-2253,6604016480,I-7330-2013,,,
OAID-000538,Balter,Alexandra M.,A. M.,,,,,,
OAID-000539,Hredia Bárion,Pablo Alfredo,P. A.,0000-0001-7235-5896,,,ORCID unconfirmed,,
OAID-000540,Barnard,Patrick L.,P. L.,0000-0003-1414-6476,,,,,
OAID-000541,Baroni,Carlo,C.,0000-0001-5905-4650,,,,,
OAID-000542,Barrows,Timothy T.,T. T.,0000-0003-2614-7177,,,,,
OAID-000543,Owen,Lewis Andrew,L. A.,0000-0002-2525-5160,,,,,
OAID-000544,Briner,Jason P.,J. P.,0000-0002-8584-0978,,,,,
OAID-000545,Barth,Aron M.,A. M.,,,,,,
OAID-000546,Batbaatar,Jigjidsurengiin,J.,0000-0001-7806-8361,,,,,
OAID-000547,Becker,Richard A.,R. A.,,,,,,
OAID-000548,Beel,Casey R.,C. R.,0000-0001-6191-9019,,,,,
OAID-000549,Benn,Douglas I.,D. I.,0000-0002-3604-0886,,,,,
OAID-000550,Benson,Larry,L.,,,,,,
OAID-000551,Bentley,Michael J.,M. J.,0000-0002-2048-0019,,,,,
OAID-000552,Berg,Sonja,S.,0000-0002-9629-6007,,,,,
OAID-000553,Bibby,Theodore,T.,0000-0002-8578-9068,,,,,
OAID-000554,Bichler,Mathias G.,M. G.,,,,,,
OAID-000555,Bigot-Cormier,Florence,F.,,,,,,
OAID-000556,Blard,Pierre-Henry,P.-H.,0000-0002-8455-8014,,,,,
OAID-000557,Blomdin,Robin,R.,0000-0003-0306-5291,,,,,
OAID-000558,Boex,J.,J.,,,,,,
OAID-000559,Böhlert,Ralph,R.,,,,,,
OAID-000560,Böhme,Martina,M.,0000-0001-6675-3580,,,,,
OAID-000561,Borchers,Brian,B.,0000-0001-5370-5811,,,,,
OAID-000562,Bourgois,Jacques,J.,0000-0003-3206-4626,,,,,
OAID-000563,Boxleitner,Max,M.,0000-0002-3789-0786,,,,,
OAID-000564,Braakhekke,Jochem,J.,,,,,,
OAID-000565,Bradwell,Tom,T.,0000-0003-0947-3309,,,,,
OAID-000566,Braucher,Régis,R.,0000-0002-4637-4302,,,,,
OAID-000567,Breckenridge,R. M.,R. M.,,,,,,
OAID-000568,Bromley,Gordon R. M.,G. R. M.,0000-0002-5671-7065,,,,,
OAID-000569,Brook,Edward J.,E. J.,,,,,,
OAID-000570,Brook,Martin S.,M. S.,0000-0002-1030-3246,,,ORCID unconfirmed,,
OAID-000571,Chevalier,Marie-Luce,M.-L.,0000-0001-9110-2456,,,,,
OAID-000572,Corbett,Lee B.,L. B.,0000-0001-6224-8034,,,,,
OAID-000573,Dong,GuoCheng,G.,,,,,,
OAID-000574,Engel,Zbynek,Z.,0000-0002-5209-7823,,,,,
OAID-000575,Fabel,Derek,D.,0000-0003-2859-3293,,A-2999-2010,,,
OAID-000576,Fogwill,Christopher Joseph,C. J.,0000-0002-6471-1106,,,,,
OAID-000577,Glasser,Neil F.,N. F.,0000-0002-8245-2670,,,,,
OAID-000578,Goehring,Brent M.,B. M.,0000-0001-6405-5156,,,,,
OAID-000579,Hein,Andrew S.,A. S.,0000-0003-3397-3813,,,,,
OAID-000580,Ivy-Ochs,Susan,S.,0000-0002-3242-9536,,,,,
OAID-000581,Johnsen,Timothy F.,T. F.,,,,,,
OAID-000582,Johnson,Joanne S.,J. S.,0000-0003-4537-4447,,,,,
OAID-000583,Kaplan,Michael R.,M. R.,,,,,,
OAID-000584,Kelley,Samuel E.,S. E.,0000-0001-9214-0577,,,,,
OAID-000585,Kelly,Meredith A.,M. A.,,,,,,
OAID-000586,Kuhlemann,Joachim,J.,,,,,,
OAID-000587,Laabs,Benjamin J. C.,B. J. C.,0000-0001-8825-2672,,,,,
OAID-000588,Larsen,Nicolaj K.,N. K.,0000-0002-0117-1106,,,,,
OAID-000589,Levy,Laura B.,L. B.,,,,,,
OAID-000590,Licciardi,Joseph M.,J. M.,0000-0002-2009-6850,,,ORCID unconfirmed,,
OAID-000591,Mangerud,Jan,J.,0000-0003-4793-7557,,,,,
OAID-000592,Margold,Martin,M.,0000-0001-5834-850X,38761760300,V-4634-2018,,,
OAID-000593,Phillips,William M.,W. M.,,,,,,
OAID-000594,Putnam,Aaron E.,A. E.,0000-0002-5358-1473,,,,,
OAID-000595,Ritterknecht,Vincent,V.,,,,,,
OAID-000596,Sugden,David E.,D. E.,0000-0003-3221-9560,,,,,
OAID-000597,Tschudi,Silvio,S.,,,,,,
OAID-000598,Wilson,Peter,P.,,,,,,
OAID-000599,Young,Nicolás E.,N. E.,0000-0001-7374-5706,,,,,
OAID-000600,Zech,Jana,J.,0000-0001-6952-0686,,,ORCID unconfirmed,,
OAID-000601,Zech,Roland,R.,0000-0002-4267-1350,,,ORCID unconfirmed,,
OAID-000602,Brugger,Keith A.,K. A.,0000-0003-0869-920X,,,,,
OAID-000603,Carcaillet,Julien,J.,,,,,,
OAID-000604,Carlson,Anders E.,A. E.,,,,,,
OAID-000605,Carrasco,Rosa M.,R. M.,0000-0001-8762-6951,,,,,
OAID-000606,Ceperley,Elizabeth G.,E. G.,0000-0001-9273-8376,,,,,
OAID-000607,Chen,Yixin,Y.,,,,,,
OAID-000608,Chenet,Marie,M.,,,,,,
OAID-000609,Chiverrell,Richard C.,R. C.,0000-0002-7307-2756,,,,,
OAID-000610,Clark,Douglas H.,D. H.,,,,,,
OAID-000611,Clark,Peter U.,P. U.,,,,,,
OAID-000612,Clark,Jorie,J.,,,,,,
OAID-000613,Cogez,Antoine,A.,,,,,,
OAID-000614,Colgan,Patrick M.,P. M.,,,,,,
OAID-000615,Cossart,Ėtienne,E.,,,,,,
OAID-000616,Crest,Yannick,Y.,,,,,,
OAID-000617,Cronauer,Sandra L.,S. L.,,,,,,
OAID-000618,Crump,Sarah E.,S. E.,0000-0002-6606-7350,,,,,
OAID-000619,Cunningham,Maxwell T.,M. T.,0000-0002-4617-3121,,,,,
OAID-000620,Cuzzone,Joshua K.,J. K.,0000-0002-1282-0597,,,,,
OAID-000621,D'Arcy,Mitch,M.,0000-0003-1808-9544,,,,,
OAID-000622,Dahms,Dennis,D.,0000-0003-2882-4899,,,,,
OAID-000623,Darmody,Robert G.,R. G.,0000-0001-8011-9762,,,ORCID unconfirmed,,
OAID-000624,Darnault,Romain,R.,0000-0003-1873-7302,,,,,
OAID-000625,Darvill,Christopher M.,C. M.,0000-0001-8175-2658,,,,,
OAID-000626,Davies,Bethan J.,B. J.,0000-0002-8636-1813,,,,,
OAID-000627,Davis,P. Thompson,P. T.,0000-0001-6652-1122,,,ORCID unconfirmed,,
OAID-000628,Delmas,Magali,M.,0000-0002-6819-5532,,,,,
OAID-000629,Di Nicola,Luigia,L.,,,,,,
OAID-000630,Dieleman,Catharina,C.,,,,,,
OAID-000631,Dielforder,Armin,A.,0000-0001-9746-3869,,,,,
OAID-000632,Domínguez-Villar,David,D.,0000-0002-4730-6053,,,,,
OAID-000633,Doughty,Alice M.,A. M.,,,,,,
OAID-000634,Douglass,Daniel C.,D. C.,,,,,,
OAID-000635,Dowling,Lisa,L.,,,,,,
OAID-000636,Dubé-Loubert,Hugo,H.,0000-0002-3557-4720,,,ORCID unconfirmed,,
OAID-000637,Dühnforth,Miriam,M.,,,,,,
OAID-000638,Dyke,Laurence M.,L. M.,0000-0003-4306-6125,,,,,
OAID-000639,Eugster,Patricia,P.,0000-0003-4060-8398,,,,,
OAID-000640,Everest,Jeremy D.,J. D.,0000-0002-3455-7494,,,,,
OAID-000641,Farber,Daniel L.,D. L.,,,,,,
OAID-000642,Farnsworth,Lauren B.,L. B.,,,,,,
OAID-000643,Favilli,Filippo,F.,,,,,,
OAID-000644,Federici,Paolo Roberto,P. R.,,,,,,
OAID-000645,Fernández-Fernández,José M.,J. M.,,,,,,
OAID-000646,Fink,David,D.,,,,,,
OAID-000647,Finkel,Robert C.,R. C.,,,,,,
OAID-000648,Finlayson,Andrew,A.,0000-0002-6447-3187,,,,,
OAID-000649,Fjellanger,Jakob,J.,,,,,,
OAID-000650,Fleming,Kaitlyn C.,K. C.,,,,,,
OAID-000651,Fu,Ping,P.,,,,,,
OAID-000652,Fülöp,Réka-H.,R.-H.,0000-0002-3237-0319,,,,,
OAID-000653,Ganyushkin,Dmitry,D.,0000-0001-6109-8652,,,,,
OAID-000654,García,Juan-Luis,J.-L.,,,,,,
OAID-000655,Gayer,Eric,E.,,,,,,
OAID-000656,Gheorghiu,Delia M.,D. M.,0000-0001-9812-4762,,,,,
OAID-000657,Gianotti,Franco,F.,0000-0003-4783-8524,,,,,
OAID-000658,Gilbert,Adrien,A.,0000-0001-9009-5143,,,,,
OAID-000659,Gillespie,Alan R.,A. R.,,,,,,
OAID-000660,Gjermundsen,Endre F.,E. F.,,,,,,
OAID-000661,Godbout,Pierre-Marc,P.-M.,,,,,,
OAID-000662,Golledge,Nicholas R.,N. R.,0000-0001-7676-8970,,,,,
OAID-000663,Goodfellow,Bradley W.,B. W.,0000-0002-2068-7490,,,,,
OAID-000664,Gosse,John C.,J. C.,,,,,,
OAID-000665,Graf,Angela A.,A. A.,,,,,,
OAID-000666,Grant,Oliver Rodney,O. R.,,,,,,
OAID-000667,Gribenski,Natacha,N.,,,,,,
OAID-000668,Gualtieri,Lyn,L.,,,,,,
OAID-000669,Guido,Zackry S.,Z. S.,,,,,,
OAID-000670,Gump,Dale J.,D. J.,,,,,,
OAID-000671,Håkansson,Lena,L.,,,,,,
OAID-000672,Hall,Sarah R.,S. R.,,,,,,
OAID-000673,Hall,Adrian M.,A. M.,,,,,,
OAID-000674,Hall,Brenda L.,B. L.,,,,,,
OAID-000675,Harbor,Jonathan M.,J. M.,0000-0001-5129-0229,,,,,
OAID-000676,Harrison,Stephan,S.,0000-0003-2820-7313,,,,,
OAID-000677,Hättestrand,Clas,C.,,,,,,
OAID-000678,Hebenstreit,Robert,R.,,,,,,
OAID-000679,Hedrick,Kathryn A.,K. A.,,,,,,
OAID-000680,Nishiizumi,Kunihiko,K.,,,,,,
OAID-000681,Heine,Klaus,K.,,,,,,
OAID-000682,Henriksen,Mona,M.,0000-0001-5004-2012,,,,,
OAID-000683,Hodgdon,Taylor,T.,,,,,,
OAID-000684,Hodgson,Dominic A.,D. A.,0000-0002-3841-3746,,,,,
OAID-000685,Hofmann,Felix Martin,F. M.,0000-0002-9882-2613,,,,,
OAID-000686,Horiuchi,Kazuho,K.,0000-0003-3185-8766,,,,,
OAID-000687,Hormes,Anne,A.,0000-0002-7722-8252,,,,,
OAID-000688,Houmark-Nielsen,Michael,M.,0000-0001-6913-4283,,,,,
OAID-000689,Howle,James F.,J. F.,,,,,,
OAID-000690,Hu,Gang,G.,,,,,,
OAID-000691,Huang,Feixin,F.,,,,,,
OAID-000692,Hubert-Ferrari,Aurélia,A.,0000-0001-6381-1415,,,,,
OAID-000693,Hughes,Anna L. C.,A. L. C.,,,,,,
OAID-000694,Hughes,Philip D.,P. D.,0000-0002-8284-0219,57198347667,,,,
OAID-000695,Jeong,Ara,A.,0000-0002-0177-1187,36630647400,,,,
OAID-000696,Jomelli,Vincent,V.,,,,,,
OAID-000697,Jones,Richard Selwyn,R. S.,0000-0003-2988-0999,,,,,
OAID-000698,Joy,Kurt,K.,0000-0002-0803-2926,,,,,
OAID-000699,Karhu,Juha A.,J. A.,0000-0001-5631-5253,,,,,
OAID-000700,Kerschner,Hanns,H.,,,,,,
OAID-000701,Khandsuren,Purevmaa,P.,,,,,,
OAID-000702,Kirkbride,Martin,M.,0000-0002-7108-4382,,,,,
OAID-000703,Koester,Alexandria J.,A. J.,0000-0001-7666-8646,,,ORCID unconfirmed,,
OAID-000704,Koffmann,Tobias N. B.,T. N. B.,,,,,,
OAID-000705,Kohut,Daryl Lee,D. L.,,,,,,
OAID-000706,Kong,Ping,P.,,,,,,
OAID-000707,Koppes,Michéle,M.,0000-0003-0580-2718,,,,,
OAID-000708,Kronig,Olivia,O.,,,,,,
OAID-000709,Landvik,Jon Y.,J. Y.,,,,,,
OAID-000710,Lane,Timothy P.,T. P.,,,,,,
OAID-000711,Larsen,P. L.,P. L.,,,,,,
OAID-000712,Lasserre,Cecile,C.,0000-0002-0582-0775,,,,,
OAID-000713,Le Roux,Olivier,O.,,,,,,
OAID-000714,Le Roy,Melaine,M.,0000-0002-1886-6051,,,,,
OAID-000715,Lee,Su Young,S. Y.,,,,,,
OAID-000716,Lehmann,Benjamin,B.,,,,,,
OAID-000717,Leonard,Eric M.,E. M.,,,,,,
OAID-000718,Lesnek,Alia J.,A. J.,0000-0001-6094-7472,,,ORCID unconfirmed,,
OAID-000719,Leydet,David J.,D. J.,,,,,,
OAID-000720,Li,Yanan,Y.,,,,,,
OAID-000721,Lifton,Nathaniel,N.,0000-0002-6976-3298,,,,,
OAID-000722,Lilly,Kat,K.,0000-0002-2225-4648,,,,,
OAID-000723,Lindow,Julia,J.,,,,,,
OAID-000724,Linge,Henriette,H.,0000-0002-6069-5348,,,,,
OAID-000725,Liu,Xiaohan,X.,,,,,,
OAID-000726,Liu,Jinhua,J.,,,,,,
OAID-000727,Liu,Beibei,B.,,,,,,
OAID-000728,Livingstone,Stephen J.,S. J.,0000-0002-7240-5037,,,,,
OAID-000729,Lowell,Thomas V.,T. V.,0000-0001-7826-0636,,,,,
OAID-000730,Lukas,Sven,S.,,,,,,
OAID-000731,Luna,Lisa V.,L. V.,0000-0002-9889-4262,,,,,
OAID-000732,Mackintosh,Andrew,A.,0000-0002-6430-4711,,,,,
OAID-000733,Makos,Michal,M.,,,,,,
OAID-000734,Marcott,Shaun A.,S. A.,,,,,,
OAID-000735,Margreth,Annina,A.,0000-0002-6055-7316,,,,,
OAID-000736,Marquette,Geneviéve C.,G. C.,,,,,,
OAID-000737,Marr,Philipp,P.,0000-0002-8037-1017,,,,,
OAID-000738,Marsella,Kimberly A.,K. A.,,,,,,
OAID-000739,Martin,Léo C. P.,L. C. P.,,,,,,
OAID-000740,Martini,Mateo A.,M. A.,0000-0003-1704-9313,,,,,
OAID-000741,Mathers,Hannah,H.,0000-0002-8577-1896,,,,,
OAID-000742,Matsuoka,Norikazu,M.,0000-0003-2832-179X,,,,,
OAID-000743,Matthews,John A.,J. A.,,,,,,
OAID-000744,McCarroll,Danny,D.,0000-0002-5992-5070,,,,,
OAID-000745,McCarthy,Andrew,A.,,,,,,
OAID-000746,McCormack,Deborah C.,D. C.,,,,,,
OAID-000747,McCuaig,Shirley J.,S. J.,,,,,,
OAID-000748,McCulloch,Robert D.,R. D.,0000-0001-5542-3703,,,,,
OAID-000749,McQuinn,Melaine Lynn,M. L.,,,,,,
OAID-000750,Mendelova,Monika,M.,,,,,,
OAID-000751,Menounos,Brian,B.,0000-0002-3370-4392,,,,,
OAID-000752,Mentlík,Pavel,P.,0000-0002-6068-8615,,,,,
OAID-000753,Mercier,Jean-Luc,J.-L.,,,,,,
OAID-000754,Mériaux,Anne-Sophie,A.-S.,0000-0002-5112-0948,,,,,
OAID-000755,Meyer,Michael C.,M. C.,,,,,,
OAID-000756,Middleton,Jennifer L.,J. L.,,,,,,
OAID-000757,Möller,Per,P.,,,,,,
OAID-000758,Moran,Andrew P.,A. P.,,,,,,
OAID-000759,Moreiras,Stella M.,S. M.,0000-0001-6462-6684,,,,,
OAID-000760,Moreno,Patricio I.,P. I.,0000-0002-1333-6238,,,,,
OAID-000761,Morgan,Daniel J.,D. J.,,,,,,
OAID-000762,Mukhopadhyay,Sujoy,S.,,,,,,
OAID-000763,Munroe,Jeffrey S.,J. S.,,,,,,
OAID-000764,Murari,Madhav K.,M. K.,0000-0001-5217-2275,,,,,
OAID-000765,Murray,Daniel S.,D. S.,,,,,,
OAID-000766,Nelson,Alice H.,A. H.,,,,,,
OAID-000767,Nesje,Atle,A.,0000-0001-8508-5805,,,,,
OAID-000768,Nimick,David A.,D. A.,0000-0002-8532-9192,,,,,
OAID-000769,Nývlt,Daniel,D.,0000-0002-6876-490X,,,,,
OAID-000770,O'Hara,Sandra L.,S. L.,,,,,,
OAID-000771,Oberholzer,Peter,P.,,,,,,
OAID-000772,Orr,Elizabeth N.,E. N.,0000-0001-6773-0321,,,,,
OAID-000773,Paasche,Øyvind,Ø.,0000-0003-0329-9063,,,,,
OAID-000774,Palacios,David,D.,0000-0002-8289-0398,,,,,
OAID-000775,Pallàs,Raimon,R.,,,,,,
OAID-000776,Paus,Aage,A.,,,,,,
OAID-000777,Pendleton,Simon L.,S. L.,0000-0002-4491-7764,,,,,
OAID-000778,Peng,Xu,X.,,,,,,
OAID-000779,Philipps,William,W.,0000-0002-9136-9617,,,,,
OAID-000780,Philipps,Fred M.,F. M.,,,,,,
OAID-000781,Pierce,Ian K. D.,I. K. D.,0000-0002-1865-2512,,,,,
OAID-000782,Porreca,Charles,C.,,,,,,
OAID-000783,Pötsch,Steffen,S.,,,,,,
OAID-000784,Pratt-Sitaula,Beth,B.,,,,,,
OAID-000785,Protin,Marie,M.,,,,,,
OAID-000786,Prud'homme,Charlotte,C.,,,,,,
OAID-000787,Quirk,Brendon J.,B. J.,,,,,,
OAID-000788,Rainsley,Eleanor,E.,,,,,,
OAID-000789,Rand,Cari,C.,,,,,,
OAID-000790,Refsnider,Kurt A.,K. A.,,,,,,
OAID-000791,Reitner,Jürgen M.,J. M.,0000-0001-6190-6736,,,,,
OAID-000792,Reusche,Melissa M.,M.,0000-0002-8456-4537,,,,,
OAID-000793,Reuther,Anne U.,A. U.,,,,,,
OAID-000794,Reynhout,Scott A.,S. A.,,,,,,
OAID-000795,Rhee,Hyun Hee,H. H.,,,,,,
OAID-000796,Ribolini,Adriano,A.,0000-0001-5851-8775,,,,,
OAID-000797,Rice,Jessey M.,J. M.,0000-0001-5668-4024,,,ORCID unconfirmed,,
OAID-000798,Roberts,David H.,D. H.,,,,,,
OAID-000799,Rodés Bolumburu,Ángel,Á.,0000-0001-8488-7689,,,,,
OAID-000800,Rodríguez-Rodríguez,Laura,L.,0000-0002-8454-3816,,,,,
OAID-000801,Röhringer,Ines,I.,,,,,,
OAID-000802,Rolfe,Christopher J.,C. J.,,,,,,
OAID-000803,Romundset,Anders,A.,0000-0002-2197-9815,,,,,
OAID-000804,Rood,Dylan H.,D. H.,,,,,,
OAID-000805,Rother,Henrik,H.,,,,,,
OAID-000806,Rulemann,Chester A.,C. A.,0000-0002-1503-4591,,,,,
OAID-000807,Ruszkiczay-Rüdiger,Zsófia,Z.,0000-0001-9454-732X,,,,,
OAID-000808,Sagredo,Esteban A.,E. A.,0000-0002-4494-5423,,,,,
OAID-000809,Saha,Sourav,S.,0000-0001-7106-2936,,,,,
OAID-000810,Sanchez,Guillaume,G.,0000-0002-9191-4259,,,,,
OAID-000811,Schaefer,Joerg M.,J. M.,0000-0002-6358-7115,,,,,
OAID-000812,Schimmelpfennig,Irene,I.,0000-0001-8145-9160,,,,,
OAID-000813,Schindelwig,Inga,I.,,,,,,
OAID-000814,Schwartz,Stéphane,S.,,,,,,
OAID-000815,Schweinsberg,Avriel D.,A. D.,0000-0001-7374-5706,,,,,
OAID-000816,Seong,Yeong Bae,Y. B.,0000-0001-6605-3912,,,,,
OAID-000817,Shakesby,Richard A.,R. A.,,,,,,
OAID-000818,Shakun,Jeremy D.,J. D.,,,,,,
OAID-000819,Sinclair,Gaylen,G.,,,,,,
OAID-000820,Small,David,D.,,,,,,
OAID-000821,Smedley,Rachel K.,R. K.,0000-0001-7773-5193,,,,,
OAID-000822,Smellie,John L.,J. L.,,,,,,
OAID-000823,Smith,Jacqueline A.,J. A.,,,,,,
OAID-000824,Smith,Colby A.,C. A.,,,,,,
OAID-000825,Smith,Stephen G.,S. G.,,,,,,
OAID-000826,Søndergaard,Anne Sofie,A. S.,0000-0002-3846-0374,,,ORCID unconfirmed,,
OAID-000827,Spector,Perry,P.,,,,,,
OAID-000828,Staiger,Jane K. W.,J. K. W.,,,,,,
OAID-000829,Standell,Matthew R.,M. R.,0000-0001-9438-2596,,,,,
OAID-000830,Stansell,Nathan D.,N. D.,,,,,,
OAID-000831,Steig,Eric J.,E. J.,,,,,,
OAID-000832,Storey,Bryan C.,B. C.,,,,,,
OAID-000833,Strand,Peter D.,P. D.,,,,,,
OAID-000834,Strasky,Stefan,S.,,,,,,
OAID-000835,Strelin,Jorge A.,J. A.,0000-0002-3889-2580,,,,,
OAID-000836,Stroup,Justin S.,J. S.,,,,,,
OAID-000837,Strub,Erik,E.,,,,,,
OAID-000838,Stübner,Konstanze,K.,0000-0001-7473-9033,,,,,
OAID-000839,Suganuma,Yusuke,Y.,0000-0003-3516-1317,,,,,
OAID-000840,Sutherland,Rupert,R.,0000-0001-7430-0055,,,,,
OAID-000841,Svendsen,John Inge,J. I.,,,,,,
OAID-000842,Terrizzano,Carla M.,C. M.,,,,,,
OAID-000843,Thackray,Glenn D.,G. D.,0000-0002-4981-6815,,,,,
OAID-000844,Thorndycraft,Varyl R.,V. R.,0000-0003-4564-2456,,,ORCID unconfirmed,,
OAID-000845,Todd,Claire,C.,,,,,,
OAID-000846,Tulenko,Joseph P.,J. P.,0000-0002-0560-6816,,,,,
OAID-000847,Tylmann,Karol,K.,0000-0002-0928-990X,,,,,
OAID-000848,Ullmann,David J.,D. J.,,,,,,
OAID-000849,Utting,Daniel J.,D. J.,,,,,,
OAID-000850,Valentino,Joshua David,J. D.,,,,,,
OAID-000851,Valletta,Rachel D.,R. D.,0000-0001-9536-7099,,,,,
OAID-000852,Van der Wateren,Frederik M.,F. M.,,,,,,
OAID-000853,Wang,Jie,J.,,,,,,
OAID-000854,Ward,Dylan J.,D. J.,0000-0002-5741-7830,,,,,
OAID-000855,Ward,Brent C.,B. C.,0000-0001-6482-7283,,,,,
OAID-000856,Welten,Kees C.,K.C.,0000-0001-8577-6753,,,,,
OAID-000857,Wesnousky,Steven G.,S. G.,,,,,,
OAID-000858,White,Duanne A.,D. A.,0000-0003-0740-2072,,,,,
OAID-000859,Wang,Jian,J.,,,,,,
OAID-000860,Winkler,Stefan,S.,,,,,,
OAID-000861,Winsor,Kelsey,K.,0000-0003-2687-7428,,,,,
OAID-000862,Wirsig,Christian,C.,0000-0001-5841-0959,,,,,
OAID-000863,Wüthrich,Lorenz,L.,0000-0001-8397-6612,57194622087,,,,
OAID-000864,Xu,Xiangke,X.,,,,,,
OAID-000865,Yamane,Masako,M.,0000-0002-5063-0719,,,,,
OAID-000866,Zahno,Conradin,C.,,,,,,
OAID-000867,Zhang,Zhigang,Z.,,,,,,
OAID-000868,Zhang,Mei,M.,,,,,,
OAID-000869,Zhang,Wei,W.,,,,,,
OAID-000870,Zhang,Qian,Q.,,,,,,
OAID-000871,Zhou,Shangzhe,S.,,,,,,
OAID-000872,Çiner,Attila,A.,0000-0002-6755-8426,,K-7531-2018,,,
OAID-000873,García-Ruiz,José M.,J. M.,,,,,,
OAID-000874,Kleman,Johan,J.,,,,,,
OAID-000875,Peltonen,Veikko,V.,,,,,,
OAID-000876,Skov,Daniel Søndergaard,D. S.,,,,,,
OAID-000877,Zasadni,Jerzy,J.,0000-0001-6231-3318,,,,,
OAID-000878,Bartley,Rebecca,R.,0000-0001-9471-5354,,A-5850-2009,,,
OAID-000879,Hughes,Andrew O.,A. O.,0000-0001-8839-8524,7401765851,F-1271-2013,,,
OAID-000880,Kemp,Christopher W.,C. W.,0000-0003-3185-2647,,,,,
OAID-000881,Lam,Daryl,D.,,,,,,
OAID-000882,Lewis,Richard J.,R. J.,0000-0002-6575-8483,,,,,
OAID-000883,McCloskey,Gillian L.,G. L.,,,,,,
OAID-000884,Neudorf,Christina M.,C. M.,0000-0002-4449-2655,,,,,
OAID-000885,Reid,Michael A.,M. A.,0000-0002-3948-9347,7402596379,,,,
OAID-000886,Shellberg,Jeffrey G.,J. G.,0000-0002-1192-0510,,,ORCID unconfirmed,,
OAID-000887,Walker,Joe,J.,,,,,,
OAID-000888,Pfeifer,Daniel,D.,0000-0001-9238-5072,57206721481,,,,
OAID-000889,Bellingham,Maia Fern,M. F.,,,,,,
OAID-000890,Brardinoni,Francesco,F.,0000-0002-3525-3599,,,,,
OAID-000891,Brocard,Gilles Y.,G. Y.,0000-0002-0997-2995,,,,,
OAID-000892,Konyana,Sibusiso,S.,0000-0003-1730-0328,,,ORCID unconfirmed,,
OAID-000893,Vermeesch,Pieter,P.,0000-0003-3404-1209,,,,,
OAID-000894,Moore,Angus K.,A. K.,0000-0002-7334-6796,,,ORCID unconfirmed,,
OAID-000895,Lenard,Sebastien J. P.,S. J. P.,0000-0003-3358-7197,,C-5195-2015,,,
OAID-000896,ANUAC (Corp.) ANU Archaeological Consultancies,,,,,,,,
OAID-000897,AUSTRAL (Corp.) Austral/Godden_Mackay,,,,,,GML is legal AUSTRAL successor,https://www.gml.com.au,14.02.23
OAID-000898,Bermingham,Anne,A.,,,,,,
OAID-000899,Berryman,Annette,A.,,,,,,
OAID-000900,Brayshaw,Helen,H.,,,,,,
OAID-000901,Clegg,John,J.,,,,,,
OAID-000902,Dallas,Mary,M.,,,,,,
OAID-000903,Dickson,F. P.,F. P.,,,,,,
OAID-000904,Domett,K. M.,K. M.,,,,,,
OAID-000905,Donlon,Denise,D.,0000-0003-1987-240X,,,,,
OAID-000906,Dragovich,Deirdre,D.,,,,,,
OAID-000907,Duyker,Samuel,S.,,,,,,
OAID-000908,Dyall,L. K.,L. K.,,,,,,
OAID-000909,Ferrier,Åsa,A.,0000-0001-8399-3674,,,,,
OAID-000910,Gaughwin,Denise,D.,,,,,,
OAID-000911,Green,J. H.,J. H.,,,,,,
OAID-000912,Haglund,Laila,L.,,,,,,
OAID-000913,Haworth,Robert,R.,,,,,,
OAID-000914,Head,John,J.,,,,,,
OAID-000915,Hill,Tim,T.,,,,,,
OAID-000916,Koettig,Margit,M.,,,,,,
OAID-000917,Kuskie,Peter J.,P. J.,,,,,,
OAID-000918,Macintosh,N. W. G.,N. W. G.,,,,,,
OAID-000919,Martin,Gavin,G.,,,,,,
OAID-000920,Megaw,John Vincent Stanley,J. V. S.,,,,,,
OAID-000921,Navin,Kerry,K.,,,,,,
OAID-000922,O'Donnell,G.,G.,,,,,,
OAID-000923,Officer,Kelvin,K.,,,,,,
OAID-000924,Orchiston,D. Wayne,D. W.,,,,,,
OAID-000925,Ossa,Paul,P.,,,,,,
OAID-000926,Pardoe,Colin,C.,,6601992901,,,,
OAID-000927,Reber,Grote,G.,,,,,,
OAID-000928,Rich,Elizabeth,E.,,,,,,
OAID-000929,Ross,Anne,A.,,,,,,
OAID-000930,Smith,Laurajane,L.,,,,,,
OAID-000931,Snelson,W. J.,W. J.,,,,,,
OAID-000932,Stockton,Eugene D.,E. D.,,,,,,
OAID-000933,Wheeler,Jim S.,J. S.,,,,,,
OAID-000934,Yamasaki,Fumio,F.,,,,,,
OAID-000935,Price,David M.,D. M.,,,,,,
OAID-000936,Barber,Matthew,M.,,,,,,
OAID-000937,Barham,Anthony J.,A. J.,,,,,,
OAID-000938,Blackwood,Robert,R.,,,,,,
OAID-000939,Clarke,C.,C.,,,,,,
OAID-000940,Ferguson,W. C.,W. C.,,,,,,
OAID-000941,Gallus,A.,A.,,,,,,
OAID-000942,Hotchin,K. L.,K. L.,,,,,,
OAID-000943,Joyce,Edmund Bernard,E. B.,,,,,,
OAID-000944,Nobbs,Margaret,M.,,,,,,
OAID-000945,RPS (Corp.),,,,,,,https://www.rpsgroup.com,14.02.23
OAID-000946,Tunn,John,J.,,,,,,
OAID-000947,Wallace,Sandra,S.,,,,,,
OAID-000948,Williams,Doug,D.,0000-0002-0399-4261,,,,,
OAID-000949,Kamminga,Johan,J.,,,,,,
OAID-000950,Clark,Dan,D.,0000-0001-5387-4404,,D-4025-2014,,,
OAID-000951,Alfredson,Gillian,G.,,,,,,
OAID-000952,Bindon,R. Peter,R. P.,,36911269500,,SCOPUSID unconfirmed,,
OAID-000953,Blackwell,Anne,A.,,,,,,
OAID-000954,Border,Andrew,A.,,,,,,
OAID-000955,Bordes,François,F.,,35258183000,,,,
OAID-000956,Bradshaw,Elizabeth,E.,,,,,,
OAID-000957,Burke,Christine,C.,,,,,,
OAID-000958,Canning,Shaun,S.,0000-0002-9453-688X,,,,,
OAID-000959,Dowling,Peter J.,P. J.,0000-0002-2940-0206,26642945500,,,,
OAID-000960,du Cros,Hilary,H.,,,,,,
OAID-000961,Dunnett,Gary,G.,,,,,,
OAID-000962,Freslov,Joanna,J.,,57217383641,,,,
OAID-000963,Hall,R.,R.,,,,,,
OAID-000964,Hallam,Sylvia J.,S. J.,,24556042000,,,,
OAID-000965,Hendy,Chris H.,C. H.,,6701320145,,SCOPUSID unconfirmed,,
OAID-000966,McPhail,S. M.,S. M.,,,,,,
OAID-000967,Pearce,R. H.,R. H.,,,,,,
OAID-000968,Pemberton,Michael,M.,,24784879200,,SCOPUSID unconfirmed,,
OAID-000969,Pocock,Celmara,C.,0000-0003-3257-9689,13608883300,T-1615-2017,,,
OAID-000970,Prendergast,Amy L.,A. L.,0000-0002-4970-9956,25633158200,B-4421-2019,,,
OAID-000971,Rhodes,D.,D.,,,,,,
OAID-000972,Rhodes,Edward J.,E. J.,,7103399715,,,,
OAID-000973,Ridges,Malcom,M.,0000-0001-8075-2779,,,ORCID unconfirmed,,
OAID-000974,Ross,Annie,A.,,24367261800,,SCOPUSID unconfirmed,,
OAID-000975,Rowland,Michael J.,M. J.,0000-0003-3917-1344,36662818100,,,,
OAID-000976,Sagona,Antonio G.,A. G.,,6504217876,,,,
OAID-000977,Schell,P.,P.,,,,,,
OAID-000978,Vanderwal,Ronald L.,R. L.,,,,,,
OAID-000979,Walters,Ian,I.,,36831390800,,SCOPUSID unconfirmed,,
OAID-000980,AIAS (Corp.) Australian Institute of Advanced Studies,,,,,,,https://www.aias.edu.au,14.02.23
OAID-000981,Adeleye,Matthew Adesanya,M. A.,0000-0002-6034-5807,,,,,
OAID-000982,Beck,Kristen K.,K. K.,0000-0002-8257-9639,,,,,
OAID-000983,Clark,Robin Lorraine,R. L.,,7406318637,,SCOPUSID unconfirmed,,
OAID-000984,Dam,Marinus Adrianus Cornelis,M. A. C.,,36868867700,,,,
OAID-000985,D'Costa,Donna M.,D. M.,,7004248790,,,,
OAID-000986,Donders,Timme H.,T. H.,0000-0003-4698-3463,6506929246,,,,
OAID-000987,Dyson,W. D.,W. D.,,,,,,
OAID-000988,Flenley,John R.,J. R.,,7003668250,,,,
OAID-000989,Fletcher,Michael-Shawn,M. S.,0000-0002-1854-5629,57195670646,,,,
OAID-000990,Green,David,D.,,,,,,
OAID-000991,Harle,Katherine J.,K. J.,,6603647210,,,,
OAID-000992,Hopf,Felicitas Victoria-Louise,F. V. L.,0000-0001-5770-308X,36681113000,,,,
OAID-000993,Martin,Helene A.,H. A.,,,,,,
OAID-000994,McGlone,Matt S.,M. S.,0000-0002-8130-5724,7005591080,,,,
OAID-000995,Kennett,Douglas,D.,,35571732400,,,,
OAID-000996,Macphail,Michael K.,M. K.,0000-0001-5639-4959,7004272562,,,,
OAID-000997,Mariani,Michela,M.,0000-0003-1996-3694,57146664800,,,,
OAID-000998,McWethy,David B.,D. B.,0000-0003-3879-4865,13409804600,,,,
OAID-000999,Rehn,Emma,E.,,57211568539,,,,
OAID-001000,Saktura,Wanchese Mateusz,W. M.,0000-0002-7198-7776,57196484427,,,,
OAID-001001,Oakes,G. M.,G. M.,,,,,,
OAID-001002,Prebble,Matthew,M.,0000-0001-8577-7190,36752990300,,,,
OAID-001003,Raine,James Ian,J. I.,0000-0001-5294-2102,700628188,,,,
OAID-001004,Southern,Wendy,W.,,,,,,
OAID-001005,Thomas,Ian,I.,,7102515049,,,,
OAID-001006,van der Kaars,Sander,S.,0000-0002-2511-0439,57191595169,,is W. A. van der Kaars,,
OAID-001007,Morley,Robert J.,R. J.,,7103389116,,,,
OAID-001008,Field,Emily,E.,,57193381104,,,,
OAID-001009,Moss,Patrick T.,P. T.,0000-0003-1546-9242,7103406151,,,,
OAID-001010,Erlanger,Erica Danielle,E. D.,0000-0003-1201-7961,55469989300,,,,
OAID-001011,Grande,Alexandra,A.,,57222252282,,,,
OAID-001012,Hu,Kai,K.,,57222353686,,,,
OAID-001013,Lee,Cho-Hee,C. H.,,57221552969,,,,
OAID-001014,Makhubela,Tebogo V.,T. V.,0000-0002-6797-8359,56862192000,,,,
OAID-001015,Shi,Xiaohui,X.,0000-0002-6104-052X,57212786574,,,,
OAID-001016,Yang,Ye,Y.,0000-0003-1568-433X,,,ORCID unconfirmed,,
OAID-001017,Zhang,Xiao-Long,X. L.,,,,,,
OAID-001018,Forte,Adam Matthew,A. M.,0000-0003-4515-7792,16309458600,,,,
OAID-001019,VanLandingham,Leah,L.,,,,,,
OAID-001020,Campbell,Mae Kate,M. K.,0000-0003-1885-2511,,,,,
OAID-001021,da Silva Guimarães,Ewerton,E.,0000-0002-7810-0015,57237013900,,,,
OAID-001022,Serra,Elena,E.,0000-0002-3049-8570,,,,,
OAID-001023,Ambrose,Wallace R.,W. R.,,7004451191,,,,
OAID-001024,Anderson,Atholl,A.,,7403368938,,,,
OAID-001025,Anson,Dimitri,D.,0000-0003-1467-1932,7004548757,,,,
OAID-001026,Bafmatuk,F.,F.,,,,,,
OAID-001027,Ballard,Chris,C.,0000-0002-8455-6908,8787652800,C-2356-2016,,,
OAID-001028,Barstra,Gert-Jan,G.-J.,,,,,,
OAID-001029,Barton,Huw,H.,0000-0002-3720-5435,56275123500,,,,
OAID-001030,Bayliss-Smith,Tim,T.,0000-0002-6680-2511,6602838970,,,,
OAID-001031,Beaumont,Phillip,P.,0000-0002-5180-6480,,,,,
OAID-001032,Beavan Athfield,Nancy,N.,0000-0001-5649-0430,7801564500,,,,
OAID-001033,Bedford,Stuart H.,S. H.,0000-0001-6476-5617,57204338462,,,,
OAID-001034,Bickler,Simon Hillel,S. H.,0000-0001-7620-2862,24168023600,,,,
OAID-001035,Bird,J. R.,J. R.,,,,,,
OAID-001036,Blong,R. J.,R. J.,,,,,,
OAID-001037,Bulbeck,David,D.,0000-0002-9733-6509,8891931300,,,,
OAID-001038,Bulmer,Susan,S.,,6603036679,,,,
OAID-001039,Burenhult,Göran,G.,,,,,,
OAID-001040,Cath-Garling,Stephanie,S.,,,,is Stephanie Garling (OAID-001058),,
OAID-001041,Christensen,O. A.,O. A.,,,,,,
OAID-001042,Clark,Geoffrey,G.,0000-0002-9055-655X,402874875,,,,
OAID-001043,Clarke,Simon,S.,,36780378200,,,,
OAID-001044,Cox,Gillian,G.,,,,,,
OAID-001045,Specht,Jim,J.,0000-0001-8427-6650,7005500513,,,,
OAID-001046,Swadling,Pamela,P.,,25224447900,,,,
OAID-001047,Petchey,Fiona,F.,0000-0002-3308-9983,6507784715,O-9963-2017,,,
OAID-001048,Davidson,Janet M.,J. M.,,7403932668,,,,
OAID-001049,Douglass,Kristina,K.,0000-0003-0931-3428,56684764600,,,,
OAID-001050,Dutton,Tom,T.,,57208424946,,,,
OAID-001051,Fairbairn,Andrew,A.,0000-0002-4004-6957,9633898000,,,,
OAID-001052,Farrington,Ian S.,I. S.,0000-0003-2334-0078,6506508853,,ORCID unconfirmed,,
OAID-001053,Forestier,Hubert,H.,0000-0002-9720-8515,6506966326,,ORCID unconfirmed,,
OAID-001054,Fredericksen,Clayton,C.,,10640876500,,,,
OAID-001055,Gaffney,Dylan,D.,0000-0003-4869-9730,6688250100,,,,
OAID-001056,Gosden,Chris,C.,0000-0001-8761-9540,7007079958,,,,
OAID-001057,Galipaud,Jean-Christophe,J.-C.,0000-0003-3546-5265,6506019772,,,,
OAID-001058,Garling,Stephanie,S.,,,,is Stephanie Cath-Garling (OAID-001040),,
OAID-001059,Gillieson,David,D.,,55954463000,,,,
OAID-001060,Goff,James,J.,0000-0001-9265-8667,,,,,
OAID-001061,Golson,Jack,J.,,6506612469,,,,
OAID-001062,Green,Roger C.,R. C.,,24168611800,,,,
OAID-001063,Groube,Les,L.,,6507648749,,,,
OAID-001064,Hedges,Robert E. M.,R. E. M.,,7102468106,,,,
OAID-001065,Hogg,Nicholas,N.,0000-0003-2812-8834,,,,,
OAID-001066,Hossfeld,P. S.,P. S.,,,,,,
OAID-001067,Huff,Jennifer,J.,,57191378105,,,,
OAID-001068,Irwin,Geoffrey J.,G. J.,,7102658160,,,,
OAID-001069,Kennedy,Jean,J.,,23080537800,,,,
OAID-001070,Johnson,R. W.,R. W.,,,,,,
OAID-001071,Jones,Martin,M.,,,,,,
OAID-001072,Kirch,Patrick Vinton,P. V.,0000-0003-4264-6689,6603913279,,,,
OAID-001073,Kononenko,Nina A.,N. A.,0000-0002-9134-5826,25639939300,,,,
OAID-001074,Lamb,Lara,L.,0000-0002-7131-4918,26641212900,,,,
OAID-001075,Leach,Bryan Foss,B. F.,,,,,,
OAID-001076,Leavesley,Matthew G.,M. G.,0000-0002-4612-8304,8539967100,,,,
OAID-001077,Lewis,Tara,T.,0000-0003-2031-5133,24335338900,,,,
OAID-001078,Machida,Hiroshi,H.,,7102826728,,,,
OAID-001079,Manne,Tiina H.,T. H.,0000-0003-2202-791X,56008100200,B-3791-2019,,,
OAID-001080,Marshall,Brendan,B.,,7202279907,,,,
OAID-001081,Matthews,Peter J.,P. J.,0000-0003-2563-0976,202324752,,,,
OAID-001082,Mortlock,A. J.,A. J.,,6603916460,,SCOPUSID unconfirmed,,
OAID-001083,Muke,John,J.,,6506067238,,,,
OAID-001084,Negishi,Yo,Y.,,,,,,
OAID-001085,Parr,Jeffrey,J.,,55624363500,,,,
OAID-001086,Pasveer,Juliette M.,J. M.,,16064433300,,,,
OAID-001087,Pavlides,Christina,C.,,7003621017,,,,
OAID-001088,Pawley,Andrew,A.,,24501386300,,,,
OAID-001089,Shaw,Ben,B.,0000-0002-8107-3425,25930103100,,,,
OAID-001090,Petrie,Cameron,C.,0000-0002-2926-7230,25650743400,,,,
OAID-001091,Powel,Jocelyn Marie,J. M.,,,,,,
OAID-001092,Pritchard,Jenifer,J.,,57201911635,,,,
OAID-001093,Rhoads,James W.,J. W.,0000-0002-1229-1357,7101766436,,,,
OAID-001094,Rowe,Cassandra,C.,0000-0001-8938-5733,16745252900,,,,
OAID-001095,Shutler,Richard,R.,,6505900132,,,,
OAID-001096,Skelly,John,R. J.,0000-0002-3578-0604,26868134000,,,,
OAID-001097,Spriggs,Matthew,M.,0000-0002-7293-6778,7006979012,,,,
OAID-001098,Terrell,John Edward,J. E.,0000-0002-3134-9235,7005126384,,,,
OAID-001099,Thangavelu,Anbarasu,A.,,44062234200,,,,
OAID-001100,Torrence,Robin,R.,0000-0001-8519-2395,6701777308,,ORCID unconfirmed,,
OAID-001101,Urwin,Chris D.,C. D.,0000-0002-3868-9574,57192203301,,,,
OAID-001102,Luly,Jonathan G.,J. G.,,7003411526,,,,
OAID-001103,Wahome,Ephraim Wachira,E. W.,0000-0001-8601-2413,,,,,
OAID-001104,Watson,Virginia Drew,V. D.,,,,,,
OAID-001105,Wickler,Stephen,S.,0000-0002-0467-1966,36764443800,,,,
OAID-001106,Winslow,John H.,J. H.,,,,,,
OAID-001107,Kaharudin,Hendri A. F.,H. A.F.,0000-0002-8238-2334,57202044744,,,,
OAID-001108,Petrequin,Pierre,P.,,6603911867,,,,
OAID-001109,Donoghue,Debra,D.,,,,,,
OAID-001110,Petherick,Lynda M.,L. M.,0000-0002-1606-4303,24451023300,,ORCID unconfirmed,,
OAID-001111,Friede,Marcia,M.,,,,,,
OAID-001112,Hooley,A. D.,A. D.,,,,,,
OAID-001113,Martin,Anthony R. H.,A. R. H.,,56944162900,,,,
OAID-001114,Stevenson,Janelle G.,J.,0000-0001-9640-7275,9338291400,,,,
OAID-001115,Proske,Ulrike,U.,,23103680200,,,,
OAID-001116,Walker,Donald,D.,,55554709600,,,,
OAID-001117,Hogg,Alan,A.,0000-0002-4001-9027,7005353194,,,,
OAID-001118,Antcliff,Peter,P.,,,,,,
OAID-001119,Balean,Caroline R.,C. R.,,,,,,
OAID-001120,Dury,Gary H.,G. H.,,,,,,
OAID-001121,Garamszegi,Anna Rosalie,A. R.,,,,,,
OAID-001122,Mangi,Jo Tumbe,J. T.,,,,,,
OAID-001123,Roberts,Patrick,P.,0000-0002-4403-7548,5066401000,,,,
OAID-001124,Adams,Shaun,S.,0000-0001-5826-7785,57204479325,,,,
OAID-001125,Aplin,Ken,K.,0000-0003-0403-8690,6701380029,,ORCID unconfirmed,,
OAID-001126,Armitage,Ruth Ann,R. A.,0000-0003-3660-5186,7101930891,,,,
OAID-001127,Huonbrook Environment & Services (Corp.),,,,,,,,
OAID-001128,Jo McDonald Cultural Heritage Management (Corp.),,,,,,,,
OAID-001129,Kinhill Engineers (Corp.),,,,,,,,
OAID-001130,Stockton,Jim,J.,,,,,,
OAID-001131,Cole,Noelene,N.,0000-0001-7897-9974,7102386561,,,,
OAID-001132,Comtesse,S.,S.,,,,,,
OAID-001133,Connelly,M.,M.,,,,,,
OAID-001134,Connelly,Joshua David,J. D.,0000-0003-2277-4421,,,,,
OAID-001135,Connolly,,,,,,,,
OAID-001136,Baker,N.,N.,,,,,,
OAID-001137,Barendsen,G. W.,G. W.,,57197702138,,,,
OAID-001138,Brown,Steve,S.,0000-0002-6781-8275,55712931300,,,,
OAID-001139,Barry,Laressa,L.,0000-0002-7257-3348,57208036966,,ORCID unconfirmed,,
OAID-001140,Barz,R. Kari,R. K.,,,,,,
OAID-001141,Beck,,,,,,,,
OAID-001142,Belperio,Antonio Peter,A. P.,0000-0002-9577-0432,6701666656,,,,
OAID-001143,Berry,Megan Rachelle,M. R.,,,,,,
OAID-001144,Bird,Michele Kathleen,M. K.,,,,,,
OAID-001145,Bonhomme,Theresa,T.,,,,,,
OAID-001146,Bonica,Celia,C.,,,,,,
OAID-001147,Bourke,Mary,M.,,,,,,
OAID-001148,Bowden,Adrian Russell,A. R.,,,,,,
OAID-001149,Bradshaw,,,,,,,,
OAID-001150,Brian,Deborah,D.,,,,,,
OAID-001151,Broecker,W. S.,W. S.,,,,,,
OAID-001152,Flood,Peter G.,P. G.,,7103033506,,,,
OAID-001153,Brown,,,,,,,,
OAID-001154,Brown,S. H.,S. H.,,,,,,
OAID-001155,Bryant,E. A.,E. A.,,,,,,
OAID-001156,Buhrich,Alice,A.,0000-0003-3819-3517,55531971000,,,,
OAID-001157,Byrne,Denis,D.,,,,,,
OAID-001158,Callan,,,,,,,,
OAID-001159,Callow,W. J.,W. J.,,,,,,
OAID-001160,Cane,Scott,S.,,6602234942,,,,
OAID-001161,Davies,P. L.,P. L.,,,,,,
OAID-001162,Downie,Adriana E.,A. E.,0000-0002-2273-9936,23033930300,,ORCID unconfirmed,,
OAID-001163,Draper,,,,,,,,
OAID-001164,Edmonds,V.,V.,,,,,,
OAID-001165,Environmental Resources Management Australia (Corp.),,,,,,,https://www.erm.com,14.02.23
OAID-001166,Erskine,Wayne,W.,,7007102970,,,,
OAID-001167,Finch,Damien,D.,0000-0002-9447-5685,57194575063,,,,
OAID-001168,Frankland,Kathryn,K.,,,,,,
OAID-001169,Freedman,Leonard,L.,,24579694600,,SCOPUSID unconfirmed,,
OAID-001170,Gara,,,,,,,,
OAID-001171,Ghaleb,Barbara,B.,,,,,,
OAID-001172,Green,Helen,H.,0000-0002-7842-6007,55545110700,,,,
OAID-001173,Greenfield,Paul,P.,,,,,,
OAID-001174,Guilfoyle,David,D.,,26035539600,,,,
OAID-001175,Hamm,,,,,,,,
OAID-001176,Harris,David,D.,,,,,,
OAID-001177,Harris,J.,J.,,,,,,
OAID-001178,Healey,Lisa,L.,,,,,,
OAID-001179,Hook,,,,,,,,
OAID-001180,Hopley,David,D.,,6602190930,,,,
OAID-001181,Hutchinson,Ian,I.,,57206426930,,,,
OAID-001182,Jablonski,Nina G.,N. G.,,7004395790,,,,
OAID-001183,Kee,S.,S.,,,,,,
OAID-001184,Kefous,Keryn Christine,K. C.,,,,,,
OAID-001185,Kelly,Michael,M.,,,,,,
OAID-001186,Lambrides,Ariana B. J.,A. B. J.,0000-0002-7492-448X,55932745800,G-2067-2018,,,
OAID-001187,Lorblanchet,Michel,M.,,6508069699,,,,
OAID-001188,L'Oste-Brown,Scott,S.,,55257727400,,,,
OAID-001189,Mackenzie,Elspeth,E.,,,,,,
OAID-001190,Mahoney,J. A.,J. A.,,,,,,
OAID-001191,Mattner,J.,J.,,,,,,
OAID-001192,May,P.,P.,,,,,,
OAID-001193,Maynard,Lesley,L.,,,,,,
OAID-001194,McConnell,Kathleen,K.,,,,,,
OAID-001195,McDonald Hales & Associates (Corp.),,,,,,,,
OAID-001196,Mitchell,P. B.,P. B.,,,,,,
OAID-001197,Morrison,Michael,M.,0000-0003-3971-7829,52964138600,,,,
OAID-001198,Roberts,Georgia,G.,0000-0003-2369-1118,57189052991,,,,
OAID-001199,Thorn,Kailah M.,K. M.,0000-0002-0645-835X,57201506682,,,,
OAID-001200,Wright,Duncan,D.,0000-0003-2546-0559,57217692017,,,,
OAID-001201,Nagel,Texas,T.,0000-0002-8444-8771,56954604900,,ORCID unconfirmed,,
OAID-001202,Nolan,Anna,A.,,,,,,
OAID-001203,Oliver,E.,E.,,,,,,
OAID-001204,OzArk Cultural Heritage Management Pty Ltd (Corp.),,,,,,,https://ozarkehm.com.au,14.02.23
OAID-001205,Packard,,,,,,,,
OAID-001206,Peck,Helene,H.,,57237834100,,,,
OAID-001207,Porter,Jennifer K.,J. K.,,,,,,
OAID-001208,Quatermaine,G.,G.,,,,,,
OAID-001209,Rafter,T. Athol,T. A.,,23055765000,,,,
OAID-001210,Richards,Thomas Henry,T. H.,,,,,,
OAID-001211,Richardson,N.,N.,,,,,,
OAID-001212,Robertson,Sarah,S.,,,,,,
OAID-001213,Rowlands,Don,D.,,57217258599,,,,
OAID-001214,Shawcross,Wilfried,W.,,,,,,
OAID-001215,Shipton,Ceri,C.,,24778858900,,,,
OAID-001216,Simmons,Anthony,A.,,,,,,
OAID-001217,Smith,,,,,,,,
OAID-001218,Smith,Annette Deborah,A. D.,,,,,,
OAID-001219,Spry,Caroline,C.,0000-0002-8628-9348,57194201112,,,,
OAID-001220,Stevens,Robin,R.,,,,,,
OAID-001221,Strawbridge,L.,L.,,,,,,
OAID-001222,Tamers,Murry A.,M. A.,,7801559186,,,,
OAID-001223,Troilett,G.,G.,,,,,,
OAID-001224,Twaddle,Robin W.,Robin W.,,57189664058,,,,
OAID-001225,Vines,Gary,G.,,,,,,
OAID-001226,Vinnicombe,Patricia,P.,,57153106100,,,,
OAID-001227,Ward,W. T.,W. T.,,,,,,
OAID-001228,Westaway,Michael Carrington,M. C.,0000-0001-9378-9538,57202564941,,,,
OAID-001229,Westcott,Catherine,C.,,,,,,
OAID-001230,Westell,Craig,C.,0000-0003-2405-6861,57208186904,,,,
OAID-001231,Williams,,,,,,,,
OAID-001232,Draper,Neale,N.,0000-0003-2553-516X,7005349896,,,,
OAID-001233,Florek,Stan M.,S. M.,0000-0002-4204-930X,57212222608,,,,
OAID-001234,Hovingh,Ryan,R.,,,,,,
OAID-001235,Marun,Ljubomir H.,L. H.,,,,,,
OAID-001236,Rossi,Alana,A.,0000-0003-2663-6501,,,,,
OAID-001237,Smith,Mike,M.,0000-0002-6177-8217,,,,,
OAID-001238,Williams,Corrie Elenor,C. E.,,,,,,
OAID-001239,Tolorza,Violeta,V.,0000-0002-0281-4476,,,,,
OAID-001240,Wilkinson,Clare,C.,0000-0003-1120-2831,57204120476,,,,
OAID-001241,Tian,Jing,J.,,57217417612,,,,
OAID-001242,Quock,Melinda,M.,,,,,,
OAID-001243,Hughes,Alex,A.,0000-0002-4866-1006,57214398292,,,,
OAID-001244,Harkins,Nathan,N.,,8840928200,,,,
OAID-001245,Anderson,William,W.,,,,,,
OAID-001246,Ash,Jeremy,J.,0000-0003-0306-6307,35298571200,K-4574-2015,,,
OAID-001247,Crouch,Joe,J.,,7004865946,,,,
OAID-001248,Brady,Liam,L.,,7202742640,,,,
OAID-001249,Orr,Meredith,M.,,57206451812,,,,
OAID-001250,Skelly,Robert,R.,0000-0002-3578-0604,26868134000,,,,
OAID-001251,Garret-Jones,Samuel Edward,S. E.,,,,,,
OAID-001252,Leclerc,Mathieu,M.,,55078358400,,,,
OAID-001253,Araho,Nick,N.,,26033337100,,,,
OAID-001254,Powell,Jocelyn M.,J. M.,,,,,,
OAID-001255,Sheppard,Peter J.,P. J.,0000-0001-6624-7856,7004414315,,,,
OAID-001256,Czerwinski,P.,P.,,,,,,
OAID-001257,Ames,Christopher J. H.,C. J. H.,0000-0001-8754-2512,55386151400,,,,
OAID-001258,Collins,Benjamin R:,B. R.,0000-0002-2416-3184,55887647200,,,,
OAID-001259,Opperman,H.,H.,,,,,,
OAID-001260,Blackwell,Lucinda R.,L. R.,,,,,,
OAID-001261,McCarthy,Terrence S.,T. S.,,7201694325,,,,
OAID-001262,Scott,Louis,L.,0000-0002-4531-0497,7402406091,,ORCID unconfirmed,,
OAID-001263,Barré,Magali,M.,0000-0002-7241-2587,36824712300,,ORCID unconfirmed,,
OAID-001264,Bader,Gregor Donatus,G. D.,0000-0003-0621-9209,56203892900,,,,
OAID-001265,Burrough,Sallie L.,S. L.,0000-0003-1043-0998,23982019900,,,,
OAID-001266,Chazan,Michael,M.,0000-0003-1236-5368,6602110426,,ORCID unconfirmed,,
OAID-001267,Beaumont,Peter B.,P. B.,,7102929244,,,,
OAID-001268,Chase,Brian M.,B. M.,0000-0001-6987-1291,14062947700,A-1202-2010,,,
OAID-001269,Fuchs,Markus,M.,0000-0003-4669-6528,9044209800,,ORCID unconfirmed,,
OAID-001270,Henderson,Zoë,Z.,,7003781411,,,,
OAID-001271,Högberg,Anders,A.,0000-0002-8747-4131,26537582400,,,,
OAID-001272,Aird,Samantha Jane,S. J.,,57195198231,,,,
OAID-001273,Barron,Aleese,A.,0000-0002-6677-9315,57194283308,,,,
OAID-001274,Demuro,Martina,M.,0000-0002-5799-4216,23492056400,,,,
OAID-001275,Dilkes-Hall,India Ella,I. E.,0000-0002-6487-0043,57188629866,,,,
OAID-001276,GML (Corp.),,,,,,,https://www.gml.com.au,14.02.23
OAID-001277,Jelsma,Johan,J.,,57212855588,,,,
OAID-001278,Jones,Robert,R.,0000-0002-8161-5415,,,,,
OAID-001279,Larsson,Ann-Charlotte,A.-C.,0000-0002-5835-865X,,,,,
OAID-001280,Norman,Kasih,K.,0000-0002-4975-2516,,,,,
OAID-001281,Robertson,Gillian B.,G. B.,,7402368620,,,,
OAID-001282,Shiner,J. S.,J. S.,,,,,,
OAID-001283,Williams,Frances M.,F. M.,,7402532051,,,,
OAID-001284,Grimm,Eric Christopher,E. C.,0000-0002-6977-3859,7103247713,,,,
OAID-001285,Goring,Simon,S.,0000-0002-2700-4605,26323638600,,,,
OAID-001286,Blois,Jessica,J.,0000-0003-4048-177X,15046569200,G-5893-2011,,,
OAID-001287,Williams,John (Jack) Warren,J. W.,,57218985392,,,,
OAID-001288,Giesecke,Thomas,T.,0000-0002-5132-1061,9277468900,,,,
OAID-001289,Smith,Alison,A.,0000-0003-1261-8943,57214307783,,,,
OAID-001290,Strandberg,Nichola Ann,N. A.,0000-0003-1268-2080,57202899930,,,,
OAID-001291,Alexander,Margaret,M.,,,,,,
OAID-001292,Anquetin,Jérémy,J.,0000-0001-5539-8691,22956965900,,,,
OAID-001293,AOU (Corp.) American Ornithologists' Union,,,,,,Merged into AOS together with Cooper Ornithological Society in 2016,https://americanornithology.org,14.02.23
OAID-001294,APD (Corp.) African Plant Database (online),,,,,,,https://africanplantdatabase.ch,14.02.23
OAID-001295,APNI (Corp.) Australian Plant Name Index (online),,,,,,,https://www.anbg.gov.au/apni/,14.02.23
OAID-001296,Barr,Cameron,C.,0000-0003-0436-8702,55621848000,,,,
OAID-001297,Blake,S. T.,S. T.,,,,,,
OAID-001298,Blom,W. M.,W. M.,,,,,,
OAID-001299,Briggs,Barbara G.,B. G.,0000-0001-7304-0773,,,,,
OAID-001300,Cookson,I. C.,I. C.,,,,,,
OAID-001301,Crayn,Darren M.,D. M.,0000-0001-6614-4216,6602470952,A-7386-2011,,,
OAID-001302,Dettmann,Mary E.,M. E.,,6701424654,,,,
OAID-001303,Gontz,,A. M.,0000-0001-7276-1552,24764521300,,,,
OAID-001304,Holman,J. Alan,J. A.,,7102723359,,,,
OAID-001305,Keim,Ary Prihardhyanto,A. P.,,35239954700,,,,
OAID-001306,Kenins,Alex,A.,0000-0002-5288-902X,57200131081,,,,
OAID-001307,Longmore,Mauren E.,M. E.,,6701381903,,,,
OAID-001308,McCarthy,Lynne P.,L. P.,,7102402407,,,,
OAID-001309,McKenzie,K. G.,K. G.,,,,,,
OAID-001310,Meisterfeld,Ralf,R.,,7801613115,,,,
OAID-001311,Milne,Lynne A.,A.,,7005477302,,,,
OAID-001312,Newton,Alfred F.,A. F.,,7201391835,,,,
OAID-001313,Prentice,Michael L.,M. L.,,35611315600,,,,
OAID-001314,Thornhill,Andrew H.,A. H.,0000-0002-0325-5725,39763127700,,,,
OAID-001315,Truswell,Elizabeth M.,E. M.,0000-0003-1848-6961,6604041272,,,,
OAID-001316,Victor,Reginald,R.,,7006215988,,,,
OAID-001317,Carleton,Michael D.,M. D.,,,,,,
OAID-001318,Helgen,Kristofer M.,K. M.,0000-0002-8776-4040,6602538000,,,,
OAID-001319,Hoffmann,Robert S.,R. S.,,36147460300,,,,
OAID-001320,Holden,Mary Ellen,M. E.,,36141517000,,,,
OAID-001321,Patton,James L.,J. L.,,56042267000,,,,
OAID-001322,Musser,Guy G.,G. G.,,8085922200,,,,
OAID-001323,Dieterlen,Fritz,F.,,57213089369,,,,
OAID-001324,Woods,Charles A.,C. A.,,35117403900,,,,
OAID-001325,Gardner,Alfred L.,A. L.,,8044862900,,,,
OAID-001326,Grubb,Peter John,P. J.,,7005533165,,,,
OAID-001327,Hutterer,Rainer,R.,,55965985900,,,,
OAID-001328,Mead,James G.,J. G.,,7201840130,,,,
OAID-001329,Shoshani,Jeheskel,J.,,6602183212,,,,
OAID-001330,Simmons,Nancy B.,N. B.,0000-0001-8807-7499,7103122528,,,,
OAID-001331,Wilson,Don Ellis,D. E.,,55478279100,,,,
OAID-001332,Wozencraft,W. Chris,W. C.,,,,,,
OAID-001333,Bronner,Gary N.,G. N.,,7004567684,,,,
OAID-001334,Groves,Colin P.,C. P.,,7005017145,,,,
OAID-001335,Schlitter,Duane A.,D. A.,,57211220747,,,,
OAID-001336,Thorington,Richard W.,R. W.,,6701618295,,,,
OAID-001337,Campbell,Kenneth E. Jr.,K. E.,,8218892900,,,,
OAID-001338,Chapman,Arthur D.,A. D.,,57194679006,,SCOPUSID unconfirmed,,
OAID-001339,Crother,Brian I.,B. I.,,6602997452,,,,
OAID-001340,Davis,Margaret B.,M. B.,,57206194753,,,,
OAID-001341,Fricke,Ronald,R.,0000-0003-1476-6990,17343229500,,,,
OAID-001342,Gell,Peter,P.,0000-0002-2251-5158,7004028173,,,,
OAID-001343,Gentili,Elio,E.,,6603866955,,,,
OAID-001344,Harden,Gwen J.,G. J.,,,,,,
OAID-001345,Harris,Wayne K.,W. K.,,55780461700,,,,
OAID-001346,IBIS (Corp.) Integrated Biodiversity Information System (online),,,,,,,https://www.anbg.gov.au/ibis/,14.02.23
OAID-001347,ITIS (Corp) Integrated Taxonomic Information System (online),,,,,,,https://www.itis.gov,14.02.23
OAID-001348,Itzstein-Davey,Freea,F.,,22940987300,,,,
OAID-001349,Iverson,John B.,J. B.,,7006168759,,,,
OAID-001350,John,Jacob,J.,,57194845739,,,,
OAID-001351,Keynon,,C. E.,,,,,,
OAID-001352,Lachlan,Terry J.,T. J.,,13004858900,,,,
OAID-001353,Ladd,Philip G.,P. G.,,57217426716,,,,
OAID-001354,Mackenzie,Lydia,L.,0000-0003-4842-3021,56454922700,,,,
OAID-001355,McKenna,Malcom C.,M. C.,,7201629726,,,,
OAID-001356,Mills,Keely,K.,0000-0002-0402-2317,,,,,
OAID-001357,Morales,Eduardo Antonio,E. A.,0000-0001-5998-4831,7102591084,,,,
OAID-001358,Rechinger,Karl Heinz,K. H.,,16484591100,,,,
OAID-001359,Stahle,Laura N.,L. N.,,55832139600,,,,
OAID-001360,Stephens,K.,K.,,,,,,
OAID-001361,Stover,Lewis E.,L. E.,,7004145985,,,,
OAID-001362,Tippery,Nicholas P.,N. P.,0000-0002-9559-2795,6505701624,,,,
OAID-001363,Torgersen,Thomas,T.,,7006098549,,,,
OAID-001364,Uetz,Peter H.,P. H.,0000-0001-6194-4927,6601996667,A-7119-2012,,,
OAID-001365,Worthy,M.,M.,,,,,,
OAID-001366,Stafford,Brian J.,B. J.,,7005758542,,,,
OAID-001367,Howard,Laura,L.,,,,,,
OAID-001368,Heying,Heather,H.,,16316311700,,,,
OAID-001369,Banks,Richard C.,R. C.,,7102144734,,,,
OAID-001370,Peterson,Alan P.,A. P.,,,,,,
OAID-001371,Goodisman,Danny,D.,,,,,,
OAID-001372,McDiarmid,Roy W.,R. W.,,6701745349,,,,
OAID-001373,Ast,Jennifer,J.,0000-0002-8888-3260,6602214257,,,,
OAID-001374,Cholewiak,Danielle,D.,,,,,,
OAID-001375,Pecor,Keith,K.,,,,,,
OAID-001376,ALA (Corp.) Atlas of Living Australia (online),,,,,,,https://www.ala.org.au,14.02.23
OAID-001377,Belbin,Lee,L.,0000-0001-8900-6203,,,,,
OAID-001378,ADW (Corp.) Animal Diversity Web (online),,,,,,,https://animaldiversity.org,14.02.23
OAID-001379,Neotoma (Corp.) Paleoecology Database (online),,,,,,,https://www.neotomadb.org,14.02.23
OAID-001380,GloBi (Corp.) Global Biotic Interactions Index (online),,,,,,,https://www.globalbioticinteractions.org,14.02.23
OAID-001381,Myers,Phil,P.,,9536604400,,,,
OAID-001382,Colburn,Mona L.,M. L.,,7004102720,,,,
OAID-001383,Etnier,Michael A.,M. A.,0000-0002-6546-7854,6506438942,,,,
OAID-001384,DeNeve Weeks,Danaan,D.,,,,,,
OAID-001385,Veres,Matthew H.,M. H.,,,,,,
OAID-001386,Espinosa-Martínez,Deborah V.,D. V.,,56611965900,,,,
OAID-001387,Widga,Christopher C.,C. C.,0000-0002-2961-0078,,,,,
OAID-001388,Stegner,Mary Allison,M. A.,0000-0002-1412-8203,,,ORCID unconfirmed,,
OAID-001389,Domic,Alejandra Iboya,A. I.,0000-0003-0762-3967,24066549300,,,,
OAID-001390,Haaramo,Mikko Kalevi,M. K.,,0000-0003-1842-8585,,,,
OAID-001391,GPFA (Corp.) Great Plains Flora Association,,,,,,,,
OAID-001392,Tropicos (Corp.) database (online),,,,,,,https://www.tropicos.org,14.02.23
OAID-001393,FNA (Corp.) Flora of North America Editorial Committee,,,,,,,http://floranorthamerica.org/Main_Page,14.02.23
OAID-001394,Smith,Charles Hamilton,C. H.,,,,,,
OAID-001395,Scherer,Carolina Saldhana,C. S.,0000-0001-6633-6576,,,,,
OAID-001396,Cajal,Jorge Luis,J. L.,,6505974433,,,,
OAID-001397,Merino,Mariano Lisandro,M. L.,0000-0001-7750-140X,,,,,
OAID-001398,Gasparini,Germán Mariano,G. M.,0000-0003-3883-3529,,,,,
OAID-001399,SPRAT (Corp.) Species Profile and Threats Database (online),,,,,,,http://www.environment.gov.au/cgi-bin/sprat/public/sprat.pl,14.02.23
OAID-001400,AM (Corp.) Australian Museum (online),,,,,,,https://australian.museum,14.02.23
OAID-001401,NSWOEH (Corp) NSW Office of Environment & Heritage (online),,,,,,,https://www.environment.nsw.gov.au,14.02.23
OAID-001402,EOL (Corp.) Encyclopedia of Life (online),,,,,,,https://eol.org,14.02.23
OAID-001403,Menkhorst,Peter,P.,0000-0003-1055-4923,6603615300,,,,
OAID-001404,Gray,Emma L.,E. L.,,56712354100,,,,
OAID-001405,Ng,Jessica,J.,,,,is ADW contributor,,
OAID-001406,Roth,Jason,J.,,,,is ADW contributor,,
OAID-001407,Bhagat,Sheetal,S.,,,,is ADW contributor,,
OAID-001408,Mileski,Adam,A.,,,,is ADW contributor,,
OAID-001409,Reyes,Eduardo,E.,,,,is ADW contributor,,
OAID-001410,Brown,Christine,C.,,,,is ADW contributor,,
OAID-001411,Reavill,Chris,C.,,,,is ADW contributor,,
OAID-001412,Castillo-Ruiz,Alexandra,A.,,,,is ADW contributor,,
OAID-001413,Peterson,Emily,E.,,,,is ADW contributor,,
OAID-001414,Nocon,Wojtek,W.,,,,is ADW contributor,,
OAID-001415,Siciliano Martina,Leila,L.,,,,is ADW contributor,,
OAID-001416,DuVall,Lindsay,L.,,,,is ADW contributor,,
OAID-001417,Cable,Rachel,R.,,,,is ADW contributor,,
OAID-001418,Strassmann,Andrew,A.,,,,is ADW contributor,,
OAID-001419,Schweighoefer,Kristen,K.,,,,is ADW contributor,,
OAID-001420,Landesman,Nathan,N.,,,,is ADW contributor,,
OAID-001421,Langstaff,Lucas,L.,,,,is ADW contributor,,
OAID-001422,DeRubeis,Alyssa,A.,,,,is ADW contributor,,
OAID-001423,Nguyen,Hien,H.,,,,is ADW contributor,,
OAID-001424,Kellner,David,D.,,,,is ADW contributor,,
OAID-001425,Hart,Myha,M.,,,,is ADW contributor,,
OAID-001426,Stalder,Janeen,J.,,,,is ADW contributor,,
OAID-001427,Eckhart,Rodgers,R.,,,,is ADW contributor,,
OAID-001428,Humfleet,Jennifer,J.,,,,is ADW contributor,,
OAID-001429,Dougherty,Laurel,L.,,,,is ADW contributor,,
OAID-001430,Norlin,Molly,M.,,,,is ADW contributor,,
OAID-001431,Szaura,Troy,T.,,,,is ADW contributor,,
OAID-001432,Oser,Courtney,C.,,,,is ADW contributor,,
OAID-001433,Adkins,Jennifer,J.,,,,is ADW contributor,,
OAID-001434,Chedid,Khalil,K.,,,,is ADW contributor,,
OAID-001435,Green,Emily,E.,,,,is ADW contributor,,
OAID-001436,Steward-Malone,Alecia,A.,,,,is ADW contributor,,
OAID-001437,Begnoche,Dana,D.,,,,is ADW contributor,,
OAID-001438,Vu,Alan,A.,,,,is ADW contributor,,
OAID-001439,Cooper,Justin,J.,,,,is ADW contributor,,
OAID-001440,Burian,Jonathan,J.,,,,is ADW contributor,,
OAID-001441,Bonser,Kurt,K.,,,,is ADW contributor,,
OAID-001442,Jewell,Todd,T.,,,,is ADW contributor,,
OAID-001443,Miller,David,D.,,,,is ADW contributor,,
OAID-001444,Joo,Michael S.,M. S.,,,,is ADW contributor,,
OAID-001445,Morningstar,Natalie,N.,,,,is ADW contributor,,
OAID-001446,Detweiler,Erika,E.,,,,is ADW contributor,,
OAID-001447,Brown,Emily,E.,,,,is ADW contributor,,
OAID-001448,Wilke,Casey,C.,,,,is ADW contributor,,
OAID-001449,Loso,Heather,H.,,,,is ADW contributor,,
OAID-001450,Campbell,Gina,G.,,,,is ADW contributor,,
OAID-001451,de la Riva,Angelique,A.,,,,is ADW contributor,,
OAID-001452,Kim,Kenneth,K.,,,,is ADW contributor,,
OAID-001453,Wasleske,Ben,B.,,,,is ADW contributor,,
OAID-001454,Glyshaw,Paul,P.,,,,is ADW contributor,,
OAID-001455,Secord,Ross,R.,,,,is ADW contributor,,
OAID-001456,Dewey,Tanya,T.,,,,is ADW contributor,,
OAID-001457,Nagel,Juliet,J.,,,,is ADW contributor,,
OAID-001458,Goff,Breah,B.,,,,is ADW contributor,,
OAID-001459,Lundrigan,Barbara,B.,,,,is ADW contributor,,
OAID-001460,Null,Jesse,J.,,,,is ADW contributor,,
OAID-001461,Dunham,Cassandra,C.,,,,is ADW contributor,,
OAID-001462,Bachynski,Kathleen,K.,,,,is ADW contributor,,
OAID-001463,Lantz,Morgan,M.,,,,is ADW contributor,,
OAID-001464,Steinle,Allison,A.,,,,is ADW contributor,,
OAID-001465,Stroede,Robert,R.,,,,is ADW contributor,,
OAID-001466,Irwin,Mark,M.,,,,is ADW contributor,,
OAID-001467,Davis,Sarah,S.,,,,is ADW contributor,,
OAID-001468,Tooker,Rachel,R.,,,,is ADW contributor,,
OAID-001469,Berger,Alison,A.,,,,is ADW contributor,,
OAID-001470,King,Janet,J.,,,,is ADW contributor,,
OAID-001471,Ten Pas,Diane,D.,,,,is ADW contributor,,
OAID-001472,Mueller,Rachel,R.,,,,is ADW contributor,,
OAID-001473,Warren,Donna,D.,,,,is ADW contributor,,
OAID-001474,Armitage,David,D.,,,,is ADW contributor,,
OAID-001475,Gillespie,Heather,H.,,,,is ADW contributor,,
OAID-001476,Shefferly,Nancy,N.,,,,is ADW contributor,,
OAID-001477,Gunderson,Dan,D.,,,,is ADW contributor,,
OAID-001478,Fahey,Tanya,T.,,,,is ADW contributor,,
OAID-001479,Lawniczak,Mara Katharine,M. K.,,,,is ADW contributor,,
OAID-001480,Gartmann,Breanne,B.,,,,is ADW contributor,,
OAID-001481,Eby,Alyssa,A.,,,,is ADW contributor,,
OAID-001482,Loay,Yengin,Y.,,,,is ADW contributor,,
OAID-001483,Davis,Adrienne,A.,,,,is ADW contributor,,
OAID-001484,Anan,Waseem,W.,,,,is ADW contributor,,
OAID-001485,Afflerbaugh,Kevin,K.,,,,is ADW contributor,,
OAID-001486,Berkhouse,Hudson,H.,,,,is ADW contributor,,
OAID-001487,Suter,Maureen,M.,,,,is ADW contributor,,
OAID-001488,Bullen,Robert D.,R. D.,,7004002041,,,,
OAID-001489,Animalia (Corp.) Animalia database (online),,,,,,,https://animalia.bio,14.02.23
OAID-001490,Milne,Damian J.,D. J.,0000-0002-9572-2713,7102931882,,,,
OAID-001491,Watts,Christopher H. S.,C. H. S.,,23766428900,,,,
OAID-001492,Begg,Robert J.,R. J.,,7004340815,,,,
OAID-001493,Loveless,Allison Marcella,A. M.,,56997122100,,,,
OAID-001494,McConville,Anna J.,A.,,55783260300,,,,
OAID-001495,Bencici,Roberta,R.,0000-0002-6927-5198,6603382719,,,,
OAID-001496,Broome,L.,L.,,,,,,
OAID-001497,Burbidge,A. A.,A. A.,,7003993513,,,,
OAID-001498,Allison,Louise M.,L. M.,,,,,,
OAID-001499,Drury,Rebecca L.,R. L.,,7004602428,,,,
OAID-001500,Dunlop,Judy A.,J. A.,,56040210900,,,,
OAID-001501,Firth,Ronald S. C.,R. S. C.,,12242076800,,,,
OAID-001502,Gloury,April Maree,A. M.,,,,,,
OAID-001503,Chambers,John,J.,,,,,,
OAID-001504,Rootourism (Corp.) (online),,,,,,,https://www.rootourism.com,14.02.23
OAID-001505,ASDP (Corp.) Alice Springs Desert Park (online),,,,,,,https://alicespringsdesertpark.com.au,14.02.23
OAID-001506,Churchill,Sue,S.,,7103207224,,,,
OAID-001507,Mason,Eugene D.,E. D.,,56712352700,,,,
OAID-001508,"DEPWS (Corp.) NT Gov. Dept. of Environment, Parks and Water Security",,,,,,,https://depws.nt.gov.au,14.02.23
OAID-001509,EPA (Corp.) QLD Gov. Environmental Protection Agency (online),,,,,,,https://environment.des.qld.gov.au,14.02.23
OAID-001510,Latch,Peter,P.,,57204786603,,,,
OAID-001511,Horsup,Alan B.,A.,,6603153216,,,,
OAID-001512,Taylor,J.,J.,,,,,,
OAID-001513,"DBCA (Corp.) WA Gov. Dept. of Biodiversity, Conservation and Attractions (online)",,,,,,,https://www.dbca.wa.gov.au,14.02.23
OAID-001514,Yip,Stephanie J. S.,S. J. S.,,56074492500,,,,
OAID-001515,Moore,Leslie Allan,L. A.,,,,,,
OAID-001516,SRA (Corp.) Sugar Research Australia (online),,,,,,,https://sugarresearch.com.au,14.02.23
OAID-001517,WS (Corp.) World Species (online),,,,,,,https://worldspecies.org,14.02.23
OAID-001518,AI (Corp.) Animal Info & Endangered Animals (online),,,,,,,https://www.animalinfo.org,14.02.23
OAID-001519,AWC (Corp.) Australian Wildlife Conservancy (online),,,,,,,https://www.australianwildlife.org,14.02.23
OAID-001520,"DCCEEW (Corp.) AUS Gov. Dept. of Climate Change, Energy, the Environment and Water (online)",,,,,,,https://www.dcceew.gov.au,14.02.23
OAID-001521,AWRC (Corp.) Australian Wildlife Rehabilitation Conference (online),,,,,,,https://www.awrc.org.au,14.02.23
OAID-001522,BHAUS (Corp.) Bush Heritage Australia (online),,,,,,,https://www.bushheritage.org.au,14.02.23
OAID-001523,QLDGOV (Corp.) QLD Gov. (online),,,,,,,https://www.qld.gov.au,14.02.23
OAID-001524,QLDMUS (Corp.) Queensland Museum Network (online),,,,,,,https://www.museum.qld.gov.au,14.02.23
OAID-001525,Tree Kangaroo (Corp.) Tree-Kangaroo and Mammal Group,,,,,,,https://www.tree-kangaroo.net/,14.02.23
OAID-001526,Zandberg,Jaco Daniel,J. D.,0000-0002-3780-1464,57215647261,,ORCID unconfirmed,,
OAID-001527,Johnson,C. N.,C. N.,,,,,,
OAID-001528,Pavey,Chris R.,C. R.,0000-0003-2162-8019,,,,,
OAID-001529,Pearce,Coral,C.,0000-0001-8412-6011,57197816397,,ORCID unconfirmed,,
OAID-001530,Smith,Geoffrey C.,G. C.,,,,,,
OAID-001531,Thums,Michele,M.,0000-0002-8669-8440,8361775600,A-3850-2013,,,
OAID-001532,Vickers-Rich,Patricia,P.,0000-0003-1850-8067,,,ORCID unconfirmed,,
OAID-001533,Watson,M. L.,M. L.,,,,,,
OAID-001534,Webala,Paul W.,P. W.,0000-0003-0576-8935,,,,,
OAID-001535,Arnold,Lee J.,L. J.,0000-0001-9603-3824,14319057700,,,,
OAID-001536,Bostock,Helen C.,H. C.,0000-0002-8903-8958,12795777100,A-6834-2013,,,
OAID-001537,Oliver,Thomas S. N.,T. S. N.,0000-0001-9221-9613,55239935500,,,,
OAID-001538,Boyd,Ronald L.,R. L.,0000-0002-2374-7567,7401728346,,,,
OAID-001539,Brill,Dominik,D.,0000-0001-8637-4641,7005023469,,,,
OAID-001540,Brooke,Brendan P.,B. P.,0000-0002-0185-568X,7006298182,,,,
OAID-001541,Camens,Aaron B.,A. B.,0000-0003-0464-0665,,,,,
OAID-001542,Carvalho,Rafael C.,R. C.,0000-0003-0790-5614,55638007800,,,,
OAID-001543,Chivas,Allan R.,A. R.,0000-0002-1459-6330,54790530100,,,,
OAID-001544,Dillenburg,Sergio R.,S. R.,0000-0003-0072-7018,6506023650,,,,
OAID-001545,Ellerton,Daniel T.,D. T.,0000-0003-1998-1817,57194711354,,,,
OAID-001546,Forsyth,Anthony J.,A. J.,,7006863049,,,,
OAID-001547,Goodwin,Ian D.,I. D.,0000-0001-8682-6409,24450244500,,,,
OAID-001548,Huntley,David J.,D. J.,,7101900869,,,,
OAID-001549,Kennedy,David M.,D. M.,0000-0002-4878-7717,7403112489,,,,
OAID-001550,Köhler,Martin,M.,0000-0003-1440-3700,,,,,
OAID-001551,Lewis,Stephen E.,S. E.,0000-0002-6929-6626,16039707700,,,,
OAID-001552,May,Simon Matthias,S. M,0000-0001-6762-7500,23983110200,,,,
OAID-001553,McBride,Randolph A.,R. A.,0000-0002-2440-112X,,,,,
OAID-001554,Patton,Nicholas R.,N. R.,0000-0002-4137-0636,,,,,
OAID-001555,Spiske,Michaela,M.,0000-0001-6785-2185,,,,,
OAID-001556,Switzer,Adam D.,A. D.,0000-0002-4352-7852,10738884500,,,,
OAID-001557,Tamura,Toru,T.,0000-0003-2027-233X,35365371800,B-5869-2011,,,
OAID-001558,Yoshida,Hiroyuki,H.,,7408717916,,,,
OAID-001559,Jacobs,Zenobia,Z.,0000-0001-5424-5837,23392343600,,,,
OAID-001560,Nicoll,Kathleen,K.,0000-0002-6971-9713,6601918973,,,,
OAID-001561,Henshilwood,Christopher S.,C. S.,0000-0002-2818-293X,6603544431,K-3806-2014,,,
OAID-001562,Mackay,Alex,A.,0000-0002-6396-0821,35942229400,F-1811-2014,,,
OAID-001563,Brown,Kyle S.,K. S.,,40360954500,,,,
OAID-001564,Marean,Curtis,C.,0000-0002-2670-5733,,,,,
OAID-001565,Stuiver,Minze,M.,,7007003882,,,,
OAID-001566,Reimer,Paula J.,P. J.,,7103071876,,,,
OAID-001567,McCormac,F. Gerry,F. G.,,6701457999,,,,
OAID-001568,Fairbanks,Richard G.,R. G.,,7005858482,,,,
OAID-001569,Weninger,Bernhard,B.,0000-0003-2390-6529,6506020574,,,,
OAID-001570,Hughen,Konrad A.,K. A.,,6701562711,,,,
OAID-001571,Blaauw,Maarten,M.,0000-0002-5680-1515,7006488289,,,,
OAID-001572,Haslett,John,J.,,7006164035,,,,
OAID-001573,Bronk Ramsey,Christopher,C.,0000-0002-8641-9309,,A-3277-2012,,,
OAID-001574,Reimer,Ron W.,R. W.,,8678145000,,,,
OAID-001575,van der Plicht,Johannes,J.,0000-0003-4298-7037,22973650100,,ORCID unconfirmed,,
OAID-001576,Buck,Caitlin Elisabeth,C. E.,0000-0002-0872-9504,7102927862,,,,
OAID-001577,Heaton,Timothy L.,T. J.,0000-0002-9994-142X,,AFJ-8295-2022,,,
OAID-001578,Aquino-López,Marco A.,M. A.,0000-0002-5076-7205,57202361070,,,,
OAID-001579,Ackerer,Julien,J.,0000-0001-6318-0326,,,,,
OAID-001580,Mohadjer,Solmaz,S.,0000-0003-0728-3720,,,,,
OAID-001581,Ben-Israel,Michal,M.,0000-0002-3676-3750,,,,,
OAID-001582,Bufe,Aaron,A.,0000-0002-8551-7265,,,,,
OAID-001583,Desormeaux,Clément,C.,0000-0002-6852-0171,,,,,
OAID-001584,Villaça Gomes,Maria Carolina,M. C.,0000-0002-7892-0240,,,,,
OAID-001585,Jensen,Chantel,C.,,,,,,
OAID-001586,Leonard,Joel S.,J. S.,0000-0002-5831-6767,57214911971,,,,
OAID-001587,Lin,Lingling,L.,,,,,,
OAID-001588,Mishra,Ashish Kumar,A. K.,,,,,,
OAID-001589,Ohta,Ryoga,R.,0000-0001-6429-3904,,,,,
OAID-001590,Schide,Katherine H.,K. H.,0000-0001-7289-3854,,,,,
OAID-001591,Slosson,John R.,J. R.,0000-0001-9643-4046,,,,,
OAID-001592,Stokes,Maya F.,M. F.,0000-0001-8282-0819,,,,,
OAID-001593,Tian,Qingying,Q.,,,,,,
OAID-001594,Jautzy,Timothée,T.,0000-0001-8021-6001,,,,,
OAID-001595,Zawacki,Emily Elizabeth,E. E.,0000-0002-5707-1606,,,,,
OAID-001596,Zerathe,Swann,S.,0000-0002-4020-5823,36351387400,,,,
OAID-001597,Aronson,Holden D.,H. D.,,,,,,
OAID-001598,Brosens,Liesa,L.,0000-0002-6350-8018,,,,,
OAID-001599,Clementucci,Romano,R.,0000-0003-2332-5812,,,,,
OAID-001600,Kudriavtseva,Anna,A.,0000-0002-8710-9919,,,,,
OAID-001601,Racano,Simone,S.,0000-0002-9259-0225,57202457676,,,,
OAID-001602,Aitken,D. L.,D. L.,,,,,,
OAID-001603,Anker,Sharon A.,S. A.,,,,,,
OAID-001604,Bickford,Sophia,S.,,6603965621,,,,
OAID-001605,Black,Manu P.,M. P.,,15046363100,,,,
OAID-001606,Boyd,W. E.,W. E.,0000-0002-8466-4669,7102813170,,,,
OAID-001607,Buckman,Solomon,S.,0000-0001-5314-1331,35106685700,J-6685-2015,,,
OAID-001608,Builth,Heather,H.,,8582618000,,,,
OAID-001609,Burrows,Mark A.,M. A.,,56448278200,,,,
OAID-001610,Cadd,Haidee R.,H. R.,0000-0001-5770-3557,56910312600,,,,
OAID-001611,Chalson,Jane M.,J. M.,,6505614152,,,,
OAID-001612,Chang,Jie,J.,,,,,,
OAID-001613,Constantine,Mark,M.,0000-0003-0447-4492,56890934900,,,,
OAID-001614,De Deckker,Patrick,P.,,7004696761,,,,
OAID-001615,Devoy,Robert J. N.,R. J. N.,,6603544187,,,,
OAID-001616,Edney,P. A.,P. A.,,6506524401,,,,
OAID-001617,Ellison,Joanna C.,J. C.,0000-0003-0692-8347,7102243595,,,,
OAID-001618,Mooney,Scott D.,S. D.,0000-0003-4449-5060,7005304304,,,,
OAID-001619,Genever,Matt,M.,,,,,,
OAID-001620,Graves,Bradley,B.,,57211476193,,,,
OAID-001621,Hanson,Johanna M.,J. M.,0000-0001-8204-862X,,,,,
OAID-001622,Jenkins,M. A.,M. A.,,,,,,
OAID-001623,Jones,Penelope,P.,0000-0002-4880-6711,,,,,
OAID-001624,Jones,Robert Lancelot,R. L.,,57203513502,,,,
OAID-001625,Keaney,B.,B.,,,,,,
OAID-001626,Kodela,Phillip Gerhard,P. G.,,,,,,
OAID-001627,Laming,Alice,A.,,,,,,
OAID-001628,Leahy,Paul J.,P. J.,,8317742800,,,,
OAID-001629,Lobb,Jamie,J.,,,,,,
OAID-001630,Löffler,Ernst,E.,,7003767704,,,,
OAID-001631,Lynch,A. Jasmyn J.,A. J. J.,0000-0001-7611-0677,7102636870,,,,
OAID-001632,Marx,Samuel K.,S. K.,0000-0003-2333-5260,9239319200,,,,
OAID-001633,Matley,Kia A.,K. A.,0000-0003-1217-4211,,,,,
OAID-001634,McGowan,Hamish,H.,0000-0002-2844-2084,,,,,
OAID-001635,McKenzie,G. Merna,G. M.,,7004966336,,,,
OAID-001636,Moravek,Silvie,S.,,,,,,
OAID-001637,Nelson,David M.,D. M.,,10539258600,,,,
OAID-001638,O'Donnell,Shawn,S.,0000-0003-0731-7425,,,,,
OAID-001639,Peterson,James A.,J. A.,,7403426241,,,,
OAID-001640,Prosser,Ian,I.,0000-0001-7252-1540,7003842498,,,,
OAID-001641,Horrocks,Mark,M.,,56187713600,,,,
OAID-001642,Newnham,Rewi,R.,0000-0002-6044-8945,7101910322,,,,
OAID-001643,Wilmshurst,Janet,J.,0000-0002-4474-8569,7004359599,C-2209-2009,,,
OAID-001644,Anderson,William,W.,,,,,,
OAID-001645,Elliot,Michael B.,M. B.,,57204673877,,,,
OAID-001646,Enright,Neal J.,N. J.,0000-0003-2979-4505,56052880800,,,,
OAID-001647,Filihia,Meredith,M.,,26038113800,,,,
OAID-001648,Haenfling,Carolin,C.,,57193224797,,,,
OAID-001649,Hajdas,Irka,I.,0000-0003-2373-2725,57203030970,C-6696-2011,,,
OAID-001650,Hazell,Zoe,Z.,0000-0001-5883-5076,,,,,
OAID-001651,Jara,Ignacio A.,I. A.,0000-0002-6682-8092,,,,,
OAID-001652,Kurpiel,Rebekah,R.,0000-0002-3134-408X,,,,,
OAID-001653,Lawler,Martin,M.,,,,,,
OAID-001654,Li,Xun,X.,,27171773900,,,,
OAID-001655,Nichol,Scott,S.,,,,,,
OAID-001656,Ogden,John,J.,,7201724751,,,,
OAID-001657,Pugh,Jeremy,J.,,,,,,
OAID-001658,Raven,Mathew Alexander,M. A.,,,,,,
OAID-001659,Rees,Andrew B. H.,A. B. H.,0000-0003-4026-7765,12780072600,Q-1417-2017,,,
OAID-001660,Rogers,Geoffrey M.,G.,,7202950269,,,,
OAID-001661,Romanin,Louise M.,L. M.,0000-0003-1824-4516,56724139700,,,,
OAID-001662,Romano,Anthony,A.,0000-0002-1390-4311,,,,,
OAID-001663,Rose,Robert Angus,R. A.,,,,,,
OAID-001664,Woodward,Craig,C.,0000-0001-7521-7413,15770426500,,,,
OAID-001665,Wright-Neville,Caroline,C.,,,,,,
OAID-001666,Wurster,Christopher M.,C. M.,0000-0002-2866-5798,7006012987,,,,
OAID-001667,Wilson,Hannah,H.,,,,,,
OAID-001668,Wood,Jamie R.,J. R.,0000-0001-8008-6083,7404354089,,,,
OAID-001669,Williams,Nicola Jane,N. J.,,,,,,
OAID-001670,Watson,Ben,B.,,,,,,
OAID-001671,Vandergoes,Marcus J.,M. J.,0000-0001-7417-7747,,,,,
OAID-001672,Thomas,David,D.,,,,,,
OAID-001673,Thomas,Marie L.,M. L.,,,,,,
OAID-001674,Thomas,Zoë,Z.,0000-0002-2323-4366,54416505600,D-1656-2016,,,
OAID-001675,Tibby,John,J.,0000-0002-5897-2932,57222484166,,,,
OAID-001676,Trodahl,Martha Ingrid,M. I.,,,,,,
OAID-001677,van der Geer,G.,G.,,,,,,
OAID-001678,Singh,G.,G.,,,,,,
OAID-001679,Lopes dos Santos,Raquel A.,R. A.,,36617887600,,,,
OAID-001680,Shi,Ge,G.,,,,,,
OAID-001681,Burrows,J. C.,J. C.,,7202089046,,,,
OAID-001682,Bussell,M. Royd,M. R.,,7006043776,,,,
OAID-001683,Chester,Pamela,P.,,12140192300,,,,
OAID-001684,Clarkson,Bruce D.,B. D.,,7101800061,,,,
OAID-001685,Cowan,Hugh A.,H. A.,,7003883325,,,,
OAID-001686,Davidson,G. D.,G. D.,,,,,,
OAID-001687,de Montford,M.,M.,,,,,,
OAID-001688,Duckmanton,N. M.,N. M.,,,,,,
OAID-001689,Falster,Georgina,G.,0000-0001-8567-7413,56897150100,,,,
OAID-001690,Horn,D.,D.,,,,,,
OAID-001691,Johnson,Adrian G.,A. G.,,,,,,
OAID-001692,Kenyon,C. E.,C. E.,,,,,,
OAID-001693,Mason,S.,S.,,,,,,
OAID-001694,Pittock,J.,J.,,,,,,
OAID-001695,Radclyffe,E.,E.,,,,,,
OAID-001696,Robbie,Anthony,A.,,,,,,
OAID-001697,Robertson,M.,M.,,,,,,
OAID-001698,Rogers,J.,J.,,,,,,
OAID-001699,Smeulders,D. M.,D. M.,,,,,,
OAID-001700,Williams,Martin A. J.,M. A. J.,,57203332668,,,,
OAID-001701,Disspain,Morgan,M.,0000-0002-5668-3344,37118804200,,,,
OAID-001702,Gollan,John Klimenti,J. K.,,,,,,
OAID-001703,Johnson,Ian,I.,0000-0003-3582-2138,,,,,
OAID-001704,Koungoulos,Loukas George,L. G.,0000-0002-5148-0142,,,,,
OAID-001705,Leslie,D. M.,D. M.,,,,,,
OAID-001706,Maisie,Maame,M.,,,,,,
OAID-001707,Quinn,Molly,M.,,58199629700,,,,
OAID-001708,Roe,Jessica,J.,,,,,,
OAID-001709,Tennant,Giles,G.,,,,,,
OAID-001710,Watson,Emma,E.,,,,,,
OAID-001711,Weij,Rieneke,R.,,57218378419,,,,
OAID-001712,Atkins,Rachel,R.,0000-0003-0953-3420,57219964681,,,,