"VARELEMTID","VARELEMENT","ELEMTYPEID","SYMMETRYID","PORTIONID","MATURITYID","CREATED_AT","UPDATED_AT"
1,">100 µm",146,NA,NA,NA,"2024-04-12 14:28:07.041 +0200",NA
2,">125 µm",147,NA,NA,NA,"2024-04-12 14:28:07.041 +0200",NA
3,">24 µm",148,NA,NA,NA,"2024-04-12 14:28:07.041 +0200",NA
4,">30 µm",149,NA,NA,NA,"2024-04-12 14:28:07.041 +0200",NA
5,">5 µm",150,NA,NA,NA,"2024-04-12 14:28:07.041 +0200",NA
6,">50 µm",151,NA,NA,NA,"2024-04-12 14:28:07.041 +0200",NA
7,">50 µm^2",152,NA,NA,NA,"2024-04-12 14:28:07.041 +0200",NA
8,"0-25 µm",153,NA,NA,NA,"2024-04-12 14:28:07.041 +0200",NA
9,"1000°C",154,NA,NA,NA,"2024-04-12 14:28:07.041 +0200",NA
10,"100-125 µm",155,NA,NA,NA,"2024-04-12 14:28:07.041 +0200",NA
11,"100-150 µm",156,NA,NA,NA,"2024-04-12 14:28:07.041 +0200",NA
12,"12-20 µm",157,NA,NA,NA,"2024-04-12 14:28:07.041 +0200",NA
13,"14-24 µm",158,NA,NA,NA,"2024-04-12 14:28:07.041 +0200",NA
14,"25-50 µm",159,NA,NA,NA,"2024-04-12 14:28:07.041 +0200",NA
15,"450°C",160,NA,NA,NA,"2024-04-12 14:28:07.041 +0200",NA
16,"500°C",161,NA,NA,NA,"2024-04-12 14:28:07.041 +0200",NA
17,"50-100 µm",162,NA,NA,NA,"2024-04-12 14:28:07.041 +0200",NA
18,"50-75 µm",163,NA,NA,NA,"2024-04-12 14:28:07.041 +0200",NA
19,"5-150 µm",164,NA,NA,NA,"2024-04-12 14:28:07.041 +0200",NA
20,"525°C",165,NA,NA,NA,"2024-04-12 14:28:07.041 +0200",NA
21,"5-50 µm",166,NA,NA,NA,"2024-04-12 14:28:07.041 +0200",NA
22,"550°C",167,NA,NA,NA,"2024-04-12 14:28:07.041 +0200",NA
23,"600°C",168,NA,NA,NA,"2024-04-12 14:28:07.041 +0200",NA
24,"75-100 µm",169,NA,NA,NA,"2024-04-12 14:28:07.041 +0200",NA
25,"800°C",170,NA,NA,NA,"2024-04-12 14:28:07.041 +0200",NA
26,"825°C",171,NA,NA,NA,"2024-04-12 14:28:07.041 +0200",NA
27,"900°C",172,NA,NA,NA,"2024-04-12 14:28:07.041 +0200",NA
28,"910°C",173,NA,NA,NA,"2024-04-12 14:28:07.041 +0200",NA
29,"915°C",174,NA,NA,NA,"2024-04-12 14:28:07.041 +0200",NA
30,"925°C",175,NA,NA,NA,"2024-04-12 14:28:07.041 +0200",NA
31,"950°C",176,NA,NA,NA,"2024-04-12 14:28:07.041 +0200",NA
32,"anther",177,NA,NA,NA,"2024-04-12 14:28:07.041 +0200",NA
33,"antler",6,NA,NA,NA,"2024-04-12 14:28:07.041 +0200",NA
34,"astragalus; left",7,1,NA,NA,"2024-04-12 14:28:07.041 +0200",NA
35,"astragalus; right",7,2,NA,NA,"2024-04-12 14:28:07.041 +0200",NA
36,"vertebra, atlas",128,NA,NA,NA,"2024-04-12 14:28:07.041 +0200",NA
37,"baculum",9,NA,NA,NA,"2024-04-12 14:28:07.041 +0200",NA
38,"bill",182,NA,NA,NA,"2024-04-12 14:28:07.041 +0200",NA
39,"bone",13,NA,NA,NA,"2024-04-12 14:28:07.041 +0200",NA
40,"bone/bill",187,NA,NA,NA,"2024-04-12 14:28:07.041 +0200",NA
41,"bone/plastron",189,NA,NA,NA,"2024-04-12 14:28:07.041 +0200",NA
42,"bone/shell",190,NA,NA,NA,"2024-04-12 14:28:07.041 +0200",NA
43,"bone/tooth",14,NA,NA,NA,"2024-04-12 14:28:07.041 +0200",NA
44,"bone/tooth/scale",194,NA,NA,NA,"2024-04-12 14:28:07.041 +0200",NA
45,"bone/tooth/shell",195,NA,NA,NA,"2024-04-12 14:28:07.041 +0200",NA
46,"calcaneum; right",15,2,NA,NA,"2024-04-12 14:28:07.041 +0200",NA
47,"tooth, canine",92,NA,NA,NA,"2024-04-12 14:28:07.041 +0200",NA
48,"carbonate",198,NA,NA,NA,"2024-04-12 14:28:07.041 +0200",NA
49,"carpal",16,NA,NA,NA,"2024-04-12 14:28:07.041 +0200",NA
50,"claw",19,NA,NA,NA,"2024-04-12 14:28:07.041 +0200",NA
55,"cob",205,NA,NA,NA,"2024-04-12 14:28:07.041 +0200",NA
56,"concentration",206,NA,NA,NA,"2024-04-12 14:28:07.041 +0200",NA
57,"counted",207,NA,NA,NA,"2024-04-12 14:28:07.041 +0200",NA
58,"cuboid; right",20,2,NA,NA,"2024-04-12 14:28:07.041 +0200",NA
59,"cyst",209,NA,NA,NA,"2024-04-12 14:28:07.041 +0200",NA
60,"dentary",210,NA,NA,NA,"2024-04-12 14:28:07.041 +0200",NA
62,"dry mass",211,NA,NA,NA,"2024-04-12 14:28:07.041 +0200",NA
63,"dry mass examined",212,NA,NA,NA,"2024-04-12 14:28:07.041 +0200",NA
64,"dry mass prepared",213,NA,NA,NA,"2024-04-12 14:28:07.041 +0200",NA
65,"dung",22,NA,NA,NA,"2024-04-12 14:28:07.041 +0200",NA
66,"egg shell",215,NA,NA,NA,"2024-04-12 14:28:07.041 +0200",NA
67,"Eucalyptus method",216,NA,NA,NA,"2024-04-12 14:28:07.041 +0200",NA
68,"fecal pellet",25,NA,NA,NA,"2024-04-12 14:28:07.041 +0200",NA
69,"femur",26,NA,NA,NA,"2024-04-12 14:28:07.041 +0200",NA
70,"femur; left; distal; juvenile",26,1,4,4,"2024-04-12 14:28:07.041 +0200",NA
71,"femur; proximal",26,NA,14,NA,"2024-04-12 14:28:07.041 +0200",NA
72,"femur; left; proximal; juvenile",26,1,14,4,"2024-04-12 14:28:07.041 +0200",NA
73,"femur; right; proximal",26,2,14,NA,"2024-04-12 14:28:07.041 +0200",NA
74,"femur; right; proximal; juvenile",26,2,14,4,"2024-04-12 14:28:07.041 +0200",NA
77,"glochidia",221,NA,NA,NA,"2024-04-12 14:28:07.041 +0200",NA
78,"glume",222,NA,NA,NA,"2024-04-12 14:28:07.041 +0200",NA
80,"hair",32,NA,NA,NA,"2024-04-12 14:28:07.041 +0200",NA
81,"horn",33,NA,NA,NA,"2024-04-12 14:28:07.041 +0200",NA
82,"humerus",35,NA,NA,NA,"2024-04-12 14:28:07.041 +0200",NA
83,"humerus; left; distal",35,1,4,NA,"2024-04-12 14:28:07.041 +0200",NA
84,"humerus; right; distal",35,2,4,NA,"2024-04-12 14:28:07.041 +0200",NA
85,"humerus; proximal",35,NA,14,NA,"2024-04-12 14:28:07.041 +0200",NA
86,"humerus; right; proximal",35,2,14,NA,"2024-04-12 14:28:07.041 +0200",NA
87,"humerus; right; proximal; juvenile",35,2,14,4,"2024-04-12 14:28:07.041 +0200",NA
88,"hyoid",36,NA,NA,NA,"2024-04-12 14:28:07.041 +0200",NA
89,"hyphae",178,NA,NA,NA,"2024-04-12 14:28:07.041 +0200",NA
90,"tooth, incisor",108,NA,NA,NA,"2024-04-12 14:28:07.041 +0200",NA
91,"tooth, incisor; lower",108,3,NA,NA,"2024-04-12 14:28:07.041 +0200",NA
92,"innominate",39,NA,NA,NA,"2024-04-12 14:28:07.041 +0200",NA
93,"Jorgensen method",179,NA,NA,NA,"2024-04-12 14:28:07.041 +0200",NA
94,"kernel",180,NA,NA,NA,"2024-04-12 14:28:07.041 +0200",NA
95,"leaf hair",181,NA,NA,NA,"2024-04-12 14:28:07.041 +0200",NA
96,"leaf spine",186,NA,NA,NA,"2024-04-12 14:28:07.041 +0200",NA
97,"suberized basal cells",191,NA,NA,NA,"2024-04-12 14:28:07.041 +0200",NA
98,"limb",43,NA,NA,NA,"2024-04-12 14:28:07.041 +0200",NA
99,"Lycopodium method",196,NA,NA,NA,"2024-04-12 14:28:07.041 +0200",NA
100,"tooth, second molar",115,NA,NA,NA,"2024-04-12 14:28:07.041 +0200",NA
101,"tooth, second molar; left",115,1,NA,NA,"2024-04-12 14:28:07.041 +0200",NA
102,"tooth, second molar; right",115,2,NA,NA,"2024-04-12 14:28:07.041 +0200",NA
103,"tooth, third molar",120,NA,NA,NA,"2024-04-12 14:28:07.041 +0200",NA
104,"macrobotanical",197,NA,NA,NA,"2024-04-12 14:28:07.041 +0200",NA
105,"mandible",46,NA,NA,NA,"2024-04-12 14:28:07.041 +0200",NA
106,"mandible; left",46,1,NA,NA,"2024-04-12 14:28:07.041 +0200",NA
107,"mandible; left; juvenile",46,1,NA,4,"2024-04-12 14:28:07.041 +0200",NA
108,"mandible; right; juvenile",46,2,NA,4,"2024-04-12 14:28:07.041 +0200",NA
109,"massula",199,NA,NA,NA,"2024-04-12 14:28:07.041 +0200",NA
110,"maxilla; left; juvenile",50,1,NA,4,"2024-04-12 14:28:07.041 +0200",NA
115,"megaspore",218,NA,NA,NA,"2024-04-12 14:28:07.041 +0200",NA
116,"metacarpal; distal",53,NA,4,NA,"2024-04-12 14:28:07.041 +0200",NA
117,"metacarpal; left; proximal",53,1,14,NA,"2024-04-12 14:28:07.041 +0200",NA
118,"metacarpal; right; proximal",53,2,14,NA,"2024-04-12 14:28:07.041 +0200",NA
119,"metacarpal; right; proximal; juvenile",53,2,14,4,"2024-04-12 14:28:07.041 +0200",NA
120,"metacarpal; right",53,2,NA,NA,"2024-04-12 14:28:07.041 +0200",NA
121,"metatarsal; distal",55,NA,4,NA,"2024-04-12 14:28:07.041 +0200",NA
122,"metatarsal; left",55,1,NA,NA,"2024-04-12 14:28:07.041 +0200",NA
123,"metatarsal; left; proximal",55,1,14,NA,"2024-04-12 14:28:07.041 +0200",NA
124,"microsphere method",225,NA,NA,NA,"2024-04-12 14:28:07.041 +0200",NA
126,"organic matter",226,NA,NA,NA,"2024-04-12 14:28:07.041 +0200",NA
127,"palate",61,NA,NA,NA,"2024-04-12 14:28:07.041 +0200",NA
128,"palynomorph",1,NA,NA,NA,"2024-04-12 14:28:07.041 +0200",NA
129,"pelvis",65,NA,NA,NA,"2024-04-12 14:28:07.041 +0200",NA
130,"pelvis; right",65,2,NA,NA,"2024-04-12 14:28:07.041 +0200",NA
131,"phalanx, proximal (first); left",66,1,NA,NA,"2024-04-12 14:28:07.041 +0200",NA
132,"phalanx, proximal (first); left; juvenile",66,1,NA,4,"2024-04-12 14:28:07.041 +0200",NA
133,"phalanx, proximal (first); right",66,2,NA,NA,"2024-04-12 14:28:07.041 +0200",NA
134,"phalanx, intermediate (second); left",67,1,NA,NA,"2024-04-12 14:28:07.041 +0200",NA
135,"phalanx, intermediate (second); left; juvenile",67,1,NA,4,"2024-04-12 14:28:07.041 +0200",NA
136,"phalanx, intermediate (second); right",67,2,NA,NA,"2024-04-12 14:28:07.041 +0200",NA
137,"phalanx, intermediate (second); right; juvenile",67,2,NA,4,"2024-04-12 14:28:07.041 +0200",NA
138,"phalanx, distal (third); left",68,1,NA,NA,"2024-04-12 14:28:07.041 +0200",NA
139,"phalanx, distal (third); right",68,2,NA,NA,"2024-04-12 14:28:07.041 +0200",NA
140,"plastron",232,NA,NA,NA,"2024-04-12 14:28:07.041 +0200",NA
141,"pollen",2,NA,NA,NA,"2024-04-12 14:28:07.041 +0200",NA
142,"pollen/spore",3,NA,NA,NA,"2024-04-12 14:28:07.041 +0200",NA
143,"quantity added",183,NA,NA,NA,"2024-04-12 14:28:07.041 +0200",NA
144,"quill",76,NA,NA,NA,"2024-04-12 14:28:07.041 +0200",NA
145,"radius",77,NA,NA,NA,"2024-04-12 14:28:07.041 +0200",NA
146,"radius; left; distal",77,1,4,NA,"2024-04-12 14:28:07.041 +0200",NA
147,"radius; left; distal; juvenile",77,1,4,4,"2024-04-12 14:28:07.041 +0200",NA
148,"radius; right; distal; juvenile",77,2,4,4,"2024-04-12 14:28:07.041 +0200",NA
149,"radius; left; proximal",77,1,14,NA,"2024-04-12 14:28:07.041 +0200",NA
150,"radius; right; proximal",77,2,14,NA,"2024-04-12 14:28:07.041 +0200",NA
151,"ratio",184,NA,NA,NA,"2024-04-12 14:28:07.041 +0200",NA
152,"rib",78,NA,NA,NA,"2024-04-12 14:28:07.041 +0200",NA
153,"rostrum",80,NA,NA,NA,"2024-04-12 14:28:07.041 +0200",NA
155,"scapula",82,NA,NA,NA,"2024-04-12 14:28:07.041 +0200",NA
156,"scapula; left",82,1,NA,NA,"2024-04-12 14:28:07.041 +0200",NA
157,"scapula; right",82,2,NA,NA,"2024-04-12 14:28:07.041 +0200",NA
158,"scapula; right; juvenile",82,2,NA,4,"2024-04-12 14:28:07.041 +0200",NA
159,"scute",188,NA,NA,NA,"2024-04-12 14:28:07.041 +0200",NA
160,"seed",192,NA,NA,NA,"2024-04-12 14:28:07.041 +0200",NA
161,"shell",138,NA,NA,NA,"2024-04-12 14:28:07.041 +0200",NA
162,"skull",84,NA,NA,NA,"2024-04-12 14:28:07.041 +0200",NA
164,"spermatophore",224,NA,NA,NA,"2024-04-12 14:28:07.041 +0200",NA
165,"spicule",227,NA,NA,NA,"2024-04-12 14:28:07.041 +0200",NA
166,"spore",4,NA,NA,NA,"2024-04-12 14:28:07.041 +0200",NA
167,"stalk fiber",228,NA,NA,NA,"2024-04-12 14:28:07.041 +0200",NA
168,"stomate",229,NA,NA,NA,"2024-04-12 14:28:07.041 +0200",NA
169,"tarsal",88,NA,NA,NA,"2024-04-12 14:28:07.041 +0200",NA
170,"test",230,NA,NA,NA,"2024-04-12 14:28:07.041 +0200",NA
171,"tibia",89,NA,NA,NA,"2024-04-12 14:28:07.041 +0200",NA
172,"tibia; left; distal",89,1,4,NA,"2024-04-12 14:28:07.041 +0200",NA
173,"tibia; right; distal",89,2,4,NA,"2024-04-12 14:28:07.041 +0200",NA
174,"tibia; right; distal; juvenile",89,2,4,4,"2024-04-12 14:28:07.041 +0200",NA
175,"tibia; left; proximal",89,1,14,NA,"2024-04-12 14:28:07.041 +0200",NA
176,"tibia; left; proximal; juvenile",89,1,14,4,"2024-04-12 14:28:07.041 +0200",NA
177,"tibia; right; proximal",89,2,14,NA,"2024-04-12 14:28:07.041 +0200",NA
178,"tibia-fibula",90,NA,NA,NA,"2024-04-12 14:28:07.041 +0200",NA
179,"tooth",91,NA,NA,NA,"2024-04-12 14:28:07.041 +0200",NA
180,"trichome",231,NA,NA,NA,"2024-04-12 14:28:07.041 +0200",NA
181,"tusk",124,NA,NA,NA,"2024-04-12 14:28:07.041 +0200",NA
182,"twig",233,NA,NA,NA,"2024-04-12 14:28:07.041 +0200",NA
183,"ulna",125,NA,NA,NA,"2024-04-12 14:28:07.041 +0200",NA
184,"ulna; proximal",125,NA,14,NA,"2024-04-12 14:28:07.041 +0200",NA
185,"ulna; right; proximal",125,2,14,NA,"2024-04-12 14:28:07.041 +0200",NA
186,"umbone",234,NA,NA,NA,"2024-04-12 14:28:07.041 +0200",NA
187,"vertebra",127,NA,NA,NA,"2024-04-12 14:28:07.041 +0200",NA
188,"vertebra, caudal",130,NA,NA,NA,"2024-04-12 14:28:07.041 +0200",NA
189,"vertebra, cervical",131,NA,NA,NA,"2024-04-12 14:28:07.041 +0200",NA
190,"vertebra, cervical; juvenile",131,NA,NA,4,"2024-04-12 14:28:07.041 +0200",NA
191,"vertebra; dorsal",127,NA,5,NA,"2024-04-12 14:28:07.041 +0200",NA
192,"vertebra; dorsal; juvenile",127,NA,5,4,"2024-04-12 14:28:07.041 +0200",NA
193,"vertebra, lumbar",132,NA,NA,NA,"2024-04-12 14:28:07.041 +0200",NA
194,"volume",235,NA,NA,NA,"2024-04-12 14:28:07.041 +0200",NA
195,"volume examined",236,NA,NA,NA,"2024-04-12 14:28:07.041 +0200",NA
196,"xiphiplastron",237,NA,NA,NA,"2024-04-12 14:28:07.041 +0200",NA
197,"zygospore",238,NA,NA,NA,"2024-04-12 14:28:07.041 +0200",NA
198,"femur; right; distal; juvenile",26,2,4,4,"2024-04-12 14:28:07.041 +0200",NA
199,"megastrobilus",245,NA,NA,NA,"2024-04-12 14:28:07.041 +0200",NA
200,"metacarpal, third",265,NA,NA,NA,"2024-04-12 14:28:07.041 +0200",NA
201,"tooth, third molar; lower",120,3,NA,NA,"2024-04-12 14:28:07.041 +0200",NA
202,"tooth, second molar; upper left",115,7,NA,NA,"2024-04-12 14:28:07.041 +0200",NA
203,"calcaneum; right; complete",15,2,3,NA,"2024-04-12 14:28:07.041 +0200",NA
204,"femur; left; proximal; proximal partially fused",26,1,14,7,"2024-04-12 14:28:07.041 +0200",NA
205,"femur; right; distal",26,2,4,NA,"2024-04-12 14:28:07.041 +0200",NA
206,"humerus; left; distal; shaft",35,1,15,NA,"2024-04-12 14:28:07.041 +0200",NA
207,"humerus; right",35,2,NA,NA,"2024-04-12 14:28:07.041 +0200",NA
208,"tibia; left; distal; shaft",89,1,15,NA,"2024-04-12 14:28:07.041 +0200",NA
209,"tibia; right; complete",89,2,3,NA,"2024-04-12 14:28:07.041 +0200",NA
210,"ulna; left; proximal; shaft",125,1,15,NA,"2024-04-12 14:28:07.041 +0200",NA
211,"ulna; right; complete",125,2,3,NA,"2024-04-12 14:28:07.041 +0200",NA
212,"metacarpal, first;complete",267,NA,3,NA,"2024-04-12 14:28:07.041 +0200",NA
213,"phalanx, proximal (first); complete",66,NA,3,NA,"2024-04-12 14:28:07.041 +0200",NA
214,"metacarpal; left",53,1,NA,NA,"2024-04-12 14:28:07.041 +0200",NA
215,"cranium; posterior",268,NA,13,NA,"2024-04-12 14:28:07.041 +0200",NA
216,"mandible; right",46,2,NA,NA,"2024-04-12 14:28:07.041 +0200",NA
217,"mandibular ramus, teeth; left; anterior",49,1,1,NA,"2024-04-12 14:28:07.041 +0200",NA
218,"phalanx, proximal (first)",66,NA,NA,NA,"2024-04-12 14:28:07.041 +0200",NA
219,"phalanx, intermediate (second)",67,NA,NA,NA,"2024-04-12 14:28:07.041 +0200",NA
220,"navicular-cuboid, cuneiform",269,NA,NA,NA,"2024-04-12 14:28:07.041 +0200",NA
222,"metapodial; condyle, distal",54,NA,25,NA,"2024-04-12 14:28:07.041 +0200",NA
224,"tooth, molar",109,NA,NA,NA,"2024-04-12 14:28:07.041 +0200",NA
225,"fibula",27,NA,NA,NA,"2024-04-12 14:28:07.041 +0200",NA
226,"mandibular ramus, teeth",49,NA,NA,NA,"2024-04-12 14:28:07.041 +0200",NA
227,"maxilla, teeth",52,NA,NA,NA,"2024-04-12 14:28:07.041 +0200",NA
228,"patella",272,NA,NA,NA,"2024-04-12 14:28:07.041 +0200",NA
229,"vertebra, axis",129,NA,NA,NA,"2024-04-12 14:28:07.041 +0200",NA
230,"vertebra, sacrum",133,NA,NA,NA,"2024-04-12 14:28:07.041 +0200",NA
231,"vertebra, thoracic",134,NA,NA,NA,"2024-04-12 14:28:07.041 +0200",NA
232,"tibia; left; medial malleolus",89,1,27,NA,"2024-04-12 14:28:07.041 +0200",NA
233,"vertebra, lumbar; spinous process",132,NA,28,NA,"2024-04-12 14:28:07.041 +0200",NA
234,"vertebra, thoracic; spinous process",134,NA,28,NA,"2024-04-12 14:28:07.041 +0200",NA
235,"sacrum; medial crest",279,NA,30,NA,"2024-04-12 14:28:07.041 +0200",NA
236,"humerus; major (lateral) tuberosity",35,NA,31,NA,"2024-04-12 14:28:07.041 +0200",NA
237,"coracoid; left",258,1,NA,NA,"2024-04-12 14:28:07.041 +0200",NA
238,"tibia; medial malleolus",89,NA,27,NA,"2024-04-12 14:28:07.041 +0200",NA
239,"tooth, caniform; upper",259,4,NA,NA,"2024-04-12 14:28:07.041 +0200",NA
240,"stump",280,NA,NA,NA,"2024-04-12 14:28:07.041 +0200",NA
241,"needle",246,NA,NA,NA,"2024-04-12 14:28:07.041 +0200",NA
242,"frustule",281,NA,NA,NA,"2024-04-12 14:28:07.041 +0200",NA
243,"colony",250,NA,NA,NA,"2024-04-12 14:28:07.041 +0200",NA
244,"wood",282,NA,NA,NA,"2024-04-12 14:28:07.041 +0200",NA
245,"phalanx, proximal (first); proximal",66,NA,14,NA,"2024-04-12 14:28:07.041 +0200",NA
246,"ulna; right",125,2,NA,NA,"2024-04-12 14:28:07.041 +0200",NA
247,"femur; left",26,1,NA,NA,"2024-04-12 14:28:07.041 +0200",NA
248,"patella; right",272,2,NA,NA,"2024-04-12 14:28:07.041 +0200",NA
249,"pedal ungual, pes, digit 2",283,NA,NA,NA,"2024-04-12 14:28:07.041 +0200",NA
250,"pedal ungual, pes, digit 4",284,NA,NA,NA,"2024-04-12 14:28:07.041 +0200",NA
251,"rib, posterior; right",285,2,NA,NA,"2024-04-12 14:28:07.041 +0200",NA
252,"tibia; right",89,2,NA,NA,"2024-04-12 14:28:07.041 +0200",NA
253,"vertebra, lumbar 1",288,NA,NA,NA,"2024-04-12 14:28:07.041 +0200",NA
254,"vertebra, thoracic 17",286,NA,NA,NA,"2024-04-12 14:28:07.041 +0200",NA
255,"vertebra, thoracic 18",287,NA,NA,NA,"2024-04-12 14:28:07.041 +0200",NA
256,"vertebra, thoracic 1",289,NA,NA,NA,"2024-04-12 14:28:07.041 +0200",NA
257,"field",141,NA,NA,NA,"2024-04-12 14:28:07.041 +0200",NA
258,"valve",137,NA,NA,NA,"2024-04-12 14:28:07.041 +0200",NA
259,"lab",142,NA,NA,NA,"2024-04-12 14:28:07.041 +0200",NA
260,"leaf",290,NA,NA,NA,"2024-04-12 14:28:07.041 +0200",NA
261,"elytron; right",239,2,NA,NA,"2024-04-12 14:28:07.041 +0200",NA
262,"head",240,NA,NA,NA,"2024-04-12 14:28:07.041 +0200",NA
263,"pronotum",294,NA,NA,NA,"2024-04-12 14:28:07.041 +0200",NA
264,"elytron; left",239,1,NA,NA,"2024-04-12 14:28:07.041 +0200",NA
265,"field air",140,NA,NA,NA,"2024-04-12 14:28:07.041 +0200",NA
266,"sediment/water",139,NA,NA,NA,"2024-04-12 14:28:07.041 +0200",NA
267,"seed wing",297,NA,NA,NA,"2024-04-12 14:28:07.041 +0200",NA
268,"humerus; left",35,1,NA,NA,"2024-04-12 14:28:07.041 +0200",NA
269,"bract",306,NA,NA,NA,"2024-04-12 14:28:07.041 +0200",NA
270,"bud",303,NA,NA,NA,"2024-04-12 14:28:07.041 +0200",NA
271,"bud scale",256,NA,NA,NA,"2024-04-12 14:28:07.041 +0200",NA
272,"fruit",305,NA,NA,NA,"2024-04-12 14:28:07.041 +0200",NA
273,"megastrobilus bract",301,NA,NA,NA,"2024-04-12 14:28:07.041 +0200",NA
274,"megastrobilus scale",302,NA,NA,NA,"2024-04-12 14:28:07.041 +0200",NA
275,"microsporangium",307,NA,NA,NA,"2024-04-12 14:28:07.041 +0200",NA
276,"microstrobilus",300,NA,NA,NA,"2024-04-12 14:28:07.041 +0200",NA
277,"needle; base",246,NA,32,NA,"2024-04-12 14:28:07.041 +0200",NA
278,"needle; shaft",246,NA,15,NA,"2024-04-12 14:28:07.041 +0200",NA
279,"needle; tip",246,NA,33,NA,"2024-04-12 14:28:07.041 +0200",NA
280,"samara",304,NA,NA,NA,"2024-04-12 14:28:07.041 +0200",NA
281,"shoot, no needles",308,NA,NA,NA,"2024-04-12 14:28:07.041 +0200",NA
282,"shoot, with needles",309,NA,NA,NA,"2024-04-12 14:28:07.041 +0200",NA
283,"oospore",315,NA,NA,NA,"2024-04-12 14:28:07.041 +0200",NA
284,"elytron",239,NA,NA,NA,"2024-04-12 14:28:07.041 +0200",NA
285,"<50 µm",317,NA,NA,NA,"2024-04-12 14:28:07.041 +0200",NA
286,"hemelytra",295,NA,NA,NA,"2024-04-12 14:28:07.041 +0200",NA
287,"puparium",241,NA,NA,NA,"2024-04-12 14:28:07.041 +0200",NA
288,"wing",243,NA,NA,NA,"2024-04-12 14:28:07.041 +0200",NA
289,"ephippium",318,NA,NA,NA,"2024-04-12 14:28:07.041 +0200",NA
290,"unknown",319,NA,NA,NA,"2024-04-12 14:28:07.041 +0200",NA
291,"unspecified",320,NA,NA,NA,"2024-04-12 14:28:07.041 +0200",NA
292,"bone/tooth; adult",14,NA,NA,10,"2024-04-12 14:28:07.041 +0200",NA
293,"bone/tooth; infant",14,NA,NA,9,"2024-04-12 14:28:07.041 +0200",NA
294,"bone/tooth; infant/juvenile",14,NA,NA,11,"2024-04-12 14:28:07.041 +0200",NA
295,"bone/tooth; juvenile",14,NA,NA,4,"2024-04-12 14:28:07.041 +0200",NA
296,"cranium; adult",268,NA,NA,10,"2024-04-12 14:28:07.041 +0200",NA
297,"cranium; infant",268,NA,NA,9,"2024-04-12 14:28:07.041 +0200",NA
298,"tooth, deciduous molar",323,NA,NA,NA,"2024-04-12 14:28:07.041 +0200",NA
299,"calcaneum; left",15,1,NA,NA,"2024-04-12 14:28:07.041 +0200",NA
300,"cuboid; left",20,1,NA,NA,"2024-04-12 14:28:07.041 +0200",NA
301,"cuneiform",21,NA,NA,NA,"2024-04-12 14:28:07.041 +0200",NA
302,"ectomesocuneiform; left",322,1,NA,NA,"2024-04-12 14:28:07.041 +0200",NA
303,"entocuneiform; left",321,1,NA,NA,"2024-04-12 14:28:07.041 +0200",NA
304,"fibula; left; distal",27,1,4,NA,"2024-04-12 14:28:07.041 +0200",NA
305,"humerus; distal",35,NA,4,NA,"2024-04-12 14:28:07.041 +0200",NA
306,"lunate",44,NA,NA,NA,"2024-04-12 14:28:07.041 +0200",NA
307,"magnum",45,NA,NA,NA,"2024-04-12 14:28:07.041 +0200",NA
308,"metacarpal",53,NA,NA,NA,"2024-04-12 14:28:07.041 +0200",NA
309,"metacarpal; lateral",53,NA,8,NA,"2024-04-12 14:28:07.041 +0200",NA
310,"navicular; left",58,1,NA,NA,"2024-04-12 14:28:07.041 +0200",NA
311,"phalanx, distal (third)",68,NA,NA,NA,"2024-04-12 14:28:07.041 +0200",NA
312,"pisiform",69,NA,NA,NA,"2024-04-12 14:28:07.041 +0200",NA
313,"scaphoid",81,NA,NA,NA,"2024-04-12 14:28:07.041 +0200",NA
314,"trapezoid",123,NA,NA,NA,"2024-04-12 14:28:07.041 +0200",NA
315,"femur; left; distal",26,1,4,NA,"2024-04-12 14:28:07.041 +0200",NA
316,"fibula; left",27,1,NA,NA,"2024-04-12 14:28:07.041 +0200",NA
317,"lunate; left",44,1,NA,NA,"2024-04-12 14:28:07.041 +0200",NA
318,"lunate; right",44,2,NA,NA,"2024-04-12 14:28:07.041 +0200",NA
319,"magnum; left",45,1,NA,NA,"2024-04-12 14:28:07.041 +0200",NA
320,"magnum; right",45,2,NA,NA,"2024-04-12 14:28:07.041 +0200",NA
321,"mandibular ramus, teeth; left",49,1,NA,NA,"2024-04-12 14:28:07.041 +0200",NA
322,"mandibular ramus, teeth; right",49,2,NA,NA,"2024-04-12 14:28:07.041 +0200",NA
323,"metacarpal; fragment",53,NA,7,NA,"2024-04-12 14:28:07.041 +0200",NA
324,"metapodial; distal",54,NA,4,NA,"2024-04-12 14:28:07.041 +0200",NA
325,"patella; left",272,1,NA,NA,"2024-04-12 14:28:07.041 +0200",NA
327,"radius; distal",77,NA,4,NA,"2024-04-12 14:28:07.041 +0200",NA
328,"scaphoid; left",81,1,NA,NA,"2024-04-12 14:28:07.041 +0200",NA
329,"scaphoid; right",81,2,NA,NA,"2024-04-12 14:28:07.041 +0200",NA
330,"skull, teeth",86,NA,NA,NA,"2024-04-12 14:28:07.041 +0200",NA
331,"sternebra",325,NA,NA,NA,"2024-04-12 14:28:07.041 +0200",NA
332,"tibia; left",89,1,NA,NA,"2024-04-12 14:28:07.041 +0200",NA
333,"unciform; left",126,1,NA,NA,"2024-04-12 14:28:07.041 +0200",NA
334,"unciform; right",126,2,NA,NA,"2024-04-12 14:28:07.041 +0200",NA
335,"femur; right",26,2,NA,NA,"2024-04-12 14:28:07.041 +0200",NA
336,"radius; right",77,2,NA,NA,"2024-04-12 14:28:07.041 +0200",NA
337,"tooth, third molar; lower; fragment",120,3,7,NA,"2024-04-12 14:28:07.041 +0200",NA
338,"tooth, third molar; upper",120,4,NA,NA,"2024-04-12 14:28:07.041 +0200",NA
339,"femur; shaft",26,NA,15,NA,"2024-04-12 14:28:07.041 +0200",NA
340,"humerus; shaft; juvenile",35,NA,15,4,"2024-04-12 14:28:07.041 +0200",NA
341,"metatarsal; adult",55,NA,NA,10,"2024-04-12 14:28:07.041 +0200",NA
342,"tibia; distal",89,NA,4,NA,"2024-04-12 14:28:07.041 +0200",NA
343,"cranium; complete",268,NA,3,NA,"2024-04-12 14:28:07.041 +0200",NA
344,"femur; right; complete",26,2,3,NA,"2024-04-12 14:28:07.041 +0200",NA
345,"fibula; right; complete",27,2,3,NA,"2024-04-12 14:28:07.041 +0200",NA
346,"humerus; right; complete",35,2,3,NA,"2024-04-12 14:28:07.041 +0200",NA
347,"mandible; complete",46,NA,3,NA,"2024-04-12 14:28:07.041 +0200",NA
348,"metatarsal",55,NA,NA,NA,"2024-04-12 14:28:07.041 +0200",NA
349,"phalanx",324,NA,NA,NA,"2024-04-12 14:28:07.041 +0200",NA
350,"sesamoid",83,NA,NA,NA,"2024-04-12 14:28:07.041 +0200",NA
351,"vertebra, cervical; complete",131,NA,3,NA,"2024-04-12 14:28:07.041 +0200",NA
352,"vertebra, lumbar; complete",132,NA,3,NA,"2024-04-12 14:28:07.041 +0200",NA
353,"vertebra, sacrum; complete",133,NA,3,NA,"2024-04-12 14:28:07.041 +0200",NA
354,"vertebra, thoracic; complete",134,NA,3,NA,"2024-04-12 14:28:07.041 +0200",NA
355,"sternite",296,NA,NA,NA,"2024-04-12 14:28:07.041 +0200",NA
356,"thorax",242,NA,NA,NA,"2024-04-12 14:28:07.041 +0200",NA
357,"clypeus",341,NA,NA,NA,"2024-04-12 14:28:07.041 +0200",NA
358,"frontoclypeal apotome",342,NA,NA,NA,"2024-04-12 14:28:07.041 +0200",NA
359,"tergite",343,NA,NA,NA,"2024-04-12 14:28:07.041 +0200",NA
360,"bud scale/needle",313,NA,NA,NA,"2024-04-12 14:28:07.041 +0200",NA
361,"bract/fruit",310,NA,NA,NA,"2024-04-12 14:28:07.041 +0200",NA
362,"exospore",346,NA,NA,NA,"2024-04-12 14:28:07.041 +0200",NA
363,"fragment",347,NA,7,NA,"2024-04-12 14:28:07.041 +0200",NA
364,"area",348,NA,NA,NA,"2024-04-12 14:28:07.041 +0200",NA
365,">10 µm",350,NA,NA,NA,"2024-04-12 14:28:07.041 +0200",NA
366,"achene",251,NA,NA,NA,"2024-04-12 14:28:07.041 +0200",NA
367,"acorn",252,NA,NA,NA,"2024-04-12 14:28:07.041 +0200",NA
368,"carpel",339,NA,NA,NA,"2024-04-12 14:28:07.041 +0200",NA
369,"endocarp",344,NA,NA,NA,"2024-04-12 14:28:07.041 +0200",NA
370,"floret",329,NA,NA,NA,"2024-04-12 14:28:07.041 +0200",NA
371,"flower",345,NA,NA,NA,"2024-04-12 14:28:07.041 +0200",NA
372,"leaf/hooks",332,NA,NA,NA,"2024-04-12 14:28:07.041 +0200",NA
373,"leaf/leaf margin",340,NA,NA,NA,"2024-04-12 14:28:07.041 +0200",NA
374,"seed/nutshell",349,NA,NA,NA,"2024-04-12 14:28:07.041 +0200",NA
375,"spine",244,NA,NA,NA,"2024-04-12 14:28:07.041 +0200",NA
376,"stem",255,NA,NA,NA,"2024-04-12 14:28:07.041 +0200",NA
377,"phalanx, distal (third); complete",68,NA,3,NA,"2024-04-12 14:28:07.041 +0200",NA
378,"bone; fragment",13,NA,7,NA,"2024-04-12 14:28:07.041 +0200",NA
379,"calcaneum; left; posterior",15,1,13,NA,"2024-04-12 14:28:07.041 +0200",NA
380,"mandibular ramus, teeth; left; posterior",49,1,13,NA,"2024-04-12 14:28:07.041 +0200",NA
381,"mandibular ramus, teeth; lower left",49,5,NA,NA,"2024-04-12 14:28:07.041 +0200",NA
382,"maxilla, teeth; left",52,1,NA,NA,"2024-04-12 14:28:07.041 +0200",NA
383,"rib; fragment",78,NA,7,NA,"2024-04-12 14:28:07.041 +0200",NA
384,"unciform",126,NA,NA,NA,"2024-04-12 14:28:07.041 +0200",NA
385,"scale",351,NA,NA,NA,"2024-04-12 14:28:07.041 +0200",NA
386,"sphenotic; right",352,2,NA,NA,"2024-04-12 14:28:07.041 +0200",NA
387,"sternum",353,NA,NA,NA,"2024-04-12 14:28:07.041 +0200",NA
388,"125-250 µm",354,NA,NA,NA,"2024-04-12 14:28:07.041 +0200",NA
389,">250 µm",355,NA,NA,NA,"2024-04-12 14:28:07.041 +0200",NA
390,"frontoclypeus",356,NA,NA,NA,"2024-04-12 14:28:07.041 +0200",NA
391,"needle, semicircular",357,NA,NA,NA,"2024-04-12 14:28:07.041 +0200",NA
392,"seed, trigonous",359,NA,NA,NA,"2024-04-12 14:28:07.041 +0200",NA
393,"seed coat",360,NA,NA,NA,"2024-04-12 14:28:07.041 +0200",NA
394,">8 µm",361,NA,NA,NA,"2024-04-12 14:28:07.041 +0200",NA
395,"exoskeleton",364,NA,NA,NA,"2024-04-12 14:28:07.041 +0200",NA
396,"larval head capsule",365,NA,NA,NA,"2024-04-12 14:28:07.041 +0200",NA
397,"puparium fragment",366,NA,NA,NA,"2024-04-12 14:28:07.041 +0200",NA
398,"scutellum",367,NA,NA,NA,"2024-04-12 14:28:07.041 +0200",NA
399,"sternites",368,NA,NA,NA,"2024-04-12 14:28:07.041 +0200",NA
400,"vertebra, thoracic; first; complete",375,NA,3,NA,"2024-04-12 14:28:07.041 +0200",NA
401,"vertebra, thoracic; first",375,NA,NA,NA,"2024-04-12 14:28:07.041 +0200",NA
402,"leaf/stem",373,NA,NA,NA,"2024-04-12 14:28:07.041 +0200",NA
403,"oogonia",372,NA,NA,NA,"2024-04-12 14:28:07.041 +0200",NA
404,"statoblast",374,NA,NA,NA,"2024-04-12 14:28:07.041 +0200",NA
405,"astragalus",7,NA,NA,NA,"2024-04-12 14:28:07.041 +0200",NA
406,"cubonavicular",327,NA,NA,NA,"2024-04-12 14:28:07.041 +0200",NA
407,"frontal; left",28,1,NA,NA,"2024-04-12 14:28:07.041 +0200",NA
408,"frontal; right",28,2,NA,NA,"2024-04-12 14:28:07.041 +0200",NA
409,"mandible; right; complete",46,2,3,NA,"2024-04-12 14:28:07.041 +0200",NA
410,"maxilla; left",50,1,NA,NA,"2024-04-12 14:28:07.041 +0200",NA
411,"maxilla; right",50,2,NA,NA,"2024-04-12 14:28:07.041 +0200",NA
412,"metacarpal; proximal",53,NA,14,NA,"2024-04-12 14:28:07.041 +0200",NA
413,"metatarsal; right",55,2,NA,NA,"2024-04-12 14:28:07.041 +0200",NA
414,"palate, teeth",63,NA,NA,NA,"2024-04-12 14:28:07.041 +0200",NA
415,"parietal; left",64,1,NA,NA,"2024-04-12 14:28:07.041 +0200",NA
416,"parietal; right",64,2,NA,NA,"2024-04-12 14:28:07.041 +0200",NA
417,"petrosal",326,NA,NA,NA,"2024-04-12 14:28:07.041 +0200",NA
418,"tibia-fibula; distal",90,NA,4,NA,"2024-04-12 14:28:07.041 +0200",NA
419,"fragments",377,NA,NA,NA,"2024-04-12 14:28:07.041 +0200",NA
420,"larval mandibles",376,NA,NA,NA,"2024-04-12 14:28:07.041 +0200",NA
421,"leg",378,NA,NA,NA,"2024-04-12 14:28:07.041 +0200",NA
422,"humerus; right; shaft",35,2,15,NA,"2024-04-12 14:28:07.041 +0200",NA
423,"phalanx; right",324,2,NA,NA,"2024-04-12 14:28:07.041 +0200",NA
424,"tarsometatarsus; left",379,1,NA,NA,"2024-04-12 14:28:07.041 +0200",NA
425,"tarsometatarsus; left; distal",379,1,4,NA,"2024-04-12 14:28:07.041 +0200",NA
426,"tarsometatarsus; right; distal",379,2,4,NA,"2024-04-12 14:28:07.041 +0200",NA
427,"tibiotarsus; left; distal",380,1,4,NA,"2024-04-12 14:28:07.041 +0200",NA
428,"tibiotarsus; right; distal",380,2,4,NA,"2024-04-12 14:28:07.041 +0200",NA
429,"tibiotarsus; right; proximal",380,2,14,NA,"2024-04-12 14:28:07.041 +0200",NA
430,"ulna; left",125,1,NA,NA,"2024-04-12 14:28:07.041 +0200",NA
431,"innominate; right",39,2,NA,NA,"2024-04-12 14:28:07.041 +0200",NA
432,"radius; left",77,1,NA,NA,"2024-04-12 14:28:07.041 +0200",NA
433,"sacrum",279,NA,NA,NA,"2024-04-12 14:28:07.041 +0200",NA
434,"tooth, fourth deciduous premolar; right",104,2,NA,NA,"2024-04-12 14:28:07.041 +0200",NA
435,"tooth, second molar; left; lower",115,3,NA,NA,"2024-04-12 14:28:07.041 +0200",NA
436,"tooth, third deciduous premolar; left",118,1,NA,NA,"2024-04-12 14:28:07.041 +0200",NA
437,"tusk; left",124,1,NA,NA,"2024-04-12 14:28:07.041 +0200",NA
438,"navicular-cuboid, cuneiform; left",269,1,NA,NA,"2024-04-12 14:28:07.041 +0200",NA
439,"tooth; first molariform",381,NA,NA,NA,"2024-04-12 14:28:07.041 +0200",NA
440,"tooth; molariform",382,NA,NA,NA,"2024-04-12 14:28:07.041 +0200",NA
441,"tooth, second molar; lower right",115,6,NA,NA,"2024-04-12 14:28:07.041 +0200",NA
442,"tooth, first molar; lower",102,3,NA,NA,"2024-04-12 14:28:07.041 +0200",NA
443,"maxilla, teeth; right",52,2,NA,NA,"2024-04-12 14:28:07.041 +0200",NA
444,"thyrohyoid; posterior",299,NA,13,NA,"2024-04-12 14:28:07.041 +0200",NA
445,"<125 µm",383,NA,NA,NA,"2024-04-12 14:28:07.041 +0200",NA
446,"<100 µm",384,NA,NA,NA,"2024-04-12 14:28:07.041 +0200",NA
447,"metasternum",385,NA,NA,NA,"2024-04-12 14:28:07.041 +0200",NA
448,"tooth, first molar; left",102,1,NA,NA,"2024-04-12 14:28:07.041 +0200",NA
449,"tooth, first molar; right",102,2,NA,NA,"2024-04-12 14:28:07.041 +0200",NA
450,"valve; left",137,1,NA,NA,"2024-04-12 14:28:07.041 +0200",NA
451,"wood, diffuse porous",386,NA,NA,NA,"2024-04-12 14:28:07.041 +0200",NA
452,"wood, ring porous",387,NA,NA,NA,"2024-04-12 14:28:07.041 +0200",NA
453,"capsule",371,NA,NA,NA,"2024-04-12 14:28:07.041 +0200",NA
454,"involucre",390,NA,NA,NA,"2024-04-12 14:28:07.041 +0200",NA
455,"nutlet",335,NA,NA,NA,"2024-04-12 14:28:07.041 +0200",NA
456,"pod",369,NA,NA,NA,"2024-04-12 14:28:07.041 +0200",NA
457,"cranium",268,NA,NA,NA,"2024-04-12 14:28:07.041 +0200",NA
458,"metapodial",54,NA,NA,NA,"2024-04-12 14:28:07.041 +0200",NA
459,"radius-ulna",389,NA,NA,NA,"2024-04-12 14:28:07.041 +0200",NA
460,"mesonotum",391,NA,NA,NA,"2024-04-12 14:28:07.041 +0200",NA
461,"metanotum",392,NA,NA,NA,"2024-04-12 14:28:07.041 +0200",NA
462,"parietal",64,NA,NA,NA,"2024-04-12 14:28:07.041 +0200",NA
463,"tissue",393,NA,NA,NA,"2024-04-12 14:28:07.041 +0200",NA
464,"spikelet",394,NA,NA,NA,"2024-04-12 14:28:07.041 +0200",NA
465,"perianth",395,NA,NA,NA,"2024-04-12 14:28:07.041 +0200",NA
466,"mesocarp",396,NA,NA,NA,"2024-04-12 14:28:07.041 +0200",NA
467,"rachis",397,NA,NA,NA,"2024-04-12 14:28:07.041 +0200",NA
468,"female ovipositor/male genitalia",405,NA,NA,NA,"2024-04-12 14:28:07.041 +0200",NA
469,"aedeagus",293,NA,NA,NA,"2024-04-12 14:28:07.041 +0200",NA
470,"nymph",406,NA,NA,NA,"2024-04-12 14:28:07.041 +0200",NA
471,"ovipositor",407,NA,NA,NA,"2024-04-12 14:28:07.041 +0200",NA
472,"fruit scale",408,NA,NA,NA,"2024-04-12 14:28:07.041 +0200",NA
474,"30-100 µm",409,NA,NA,NA,"2024-04-12 14:28:07.041 +0200",NA
475,"mandibular ramus, teeth; left; fragment",49,1,7,NA,"2024-04-12 14:28:07.041 +0200",NA
476,"mandibular ramus, teeth; right; anterior",49,2,1,NA,"2024-04-12 14:28:07.041 +0200",NA
477,"mandibular ramus, teeth; right; complete",49,2,3,NA,"2024-04-12 14:28:07.041 +0200",NA
478,"metacarpal, first",267,NA,NA,NA,"2024-04-12 14:28:07.041 +0200",NA
479,"radius; left; complete",77,1,3,NA,"2024-04-12 14:28:07.041 +0200",NA
480,"radius; right; distal",77,2,4,NA,"2024-04-12 14:28:07.041 +0200",NA
481,"abdominal segment",363,NA,NA,NA,"2024-04-12 14:28:07.041 +0200",NA
482,"tibia; fused",89,NA,NA,3,"2024-04-12 14:28:07.041 +0200",NA
483,"tibia; infant",89,NA,NA,9,"2024-04-12 14:28:07.041 +0200",NA
484,"tibia; juvenile",89,NA,NA,4,"2024-04-12 14:28:07.041 +0200",NA
485,"tooth, first molar; upper",102,4,NA,NA,"2024-04-12 14:28:07.041 +0200",NA
486,"basipterygium",413,NA,NA,NA,"2024-04-12 14:28:07.041 +0200",NA
487,"caudal bony plate",414,NA,NA,NA,"2024-04-12 14:28:07.041 +0200",NA
488,"cleithrum",415,NA,NA,NA,"2024-04-12 14:28:07.041 +0200",NA
489,"coracoid",258,NA,NA,NA,"2024-04-12 14:28:07.041 +0200",NA
490,"epihyal",416,NA,NA,NA,"2024-04-12 14:28:07.041 +0200",NA
491,"epiotic",417,NA,NA,NA,"2024-04-12 14:28:07.041 +0200",NA
492,"head-angular",418,NA,NA,NA,"2024-04-12 14:28:07.041 +0200",NA
493,"hyomandibular",37,NA,NA,NA,"2024-04-12 14:28:07.041 +0200",NA
494,"hypohyal 1",419,NA,NA,NA,"2024-04-12 14:28:07.041 +0200",NA
495,"interopercle",420,NA,NA,NA,"2024-04-12 14:28:07.041 +0200",NA
496,"lingual plate",421,NA,NA,NA,"2024-04-12 14:28:07.041 +0200",NA
497,"maxilla",50,NA,NA,NA,"2024-04-12 14:28:07.041 +0200",NA
498,"mesocoracoid",422,NA,NA,NA,"2024-04-12 14:28:07.041 +0200",NA
499,"mesopterygoid",423,NA,NA,NA,"2024-04-12 14:28:07.041 +0200",NA
500,"metapterygoid",424,NA,NA,NA,"2024-04-12 14:28:07.041 +0200",NA
501,"opercle",425,NA,NA,NA,"2024-04-12 14:28:07.041 +0200",NA
502,"parasphenoid",426,NA,NA,NA,"2024-04-12 14:28:07.041 +0200",NA
503,"post-cleithrum",427,NA,NA,NA,"2024-04-12 14:28:07.041 +0200",NA
504,"posttemporal",428,NA,NA,NA,"2024-04-12 14:28:07.041 +0200",NA
505,"premaxilla",429,NA,NA,NA,"2024-04-12 14:28:07.041 +0200",NA
506,"preopercle",430,NA,NA,NA,"2024-04-12 14:28:07.041 +0200",NA
507,"prootic",431,NA,NA,NA,"2024-04-12 14:28:07.041 +0200",NA
508,"quadrate",432,NA,NA,NA,"2024-04-12 14:28:07.041 +0200",NA
509,"sphenotic",352,NA,NA,NA,"2024-04-12 14:28:07.041 +0200",NA
510,"subopercle",433,NA,NA,NA,"2024-04-12 14:28:07.041 +0200",NA
511,"supracleithrum",434,NA,NA,NA,"2024-04-12 14:28:07.041 +0200",NA
512,"supraoccipital",435,NA,NA,NA,"2024-04-12 14:28:07.041 +0200",NA
513,"urohyal",436,NA,NA,NA,"2024-04-12 14:28:07.041 +0200",NA
514,"vomer",135,NA,NA,NA,"2024-04-12 14:28:07.041 +0200",NA
515,"antorbital",437,NA,NA,NA,"2024-04-12 14:28:07.041 +0200",NA
516,"articular",438,NA,NA,NA,"2024-04-12 14:28:07.041 +0200",NA
517,"branchiostegal",439,NA,NA,NA,"2024-04-12 14:28:07.041 +0200",NA
518,"fin; right; pectoral",440,2,34,NA,"2024-04-12 14:28:07.041 +0200",NA
519,"frontal",28,NA,NA,NA,"2024-04-12 14:28:07.041 +0200",NA
520,"infraorbital; fifth",441,NA,35,NA,"2024-04-12 14:28:07.041 +0200",NA
521,"infraorbital; fourth",441,NA,36,NA,"2024-04-12 14:28:07.041 +0200",NA
522,"infraorbital; second",441,NA,37,NA,"2024-04-12 14:28:07.041 +0200",NA
523,"infraorbital; third",441,NA,38,NA,"2024-04-12 14:28:07.041 +0200",NA
524,"lachrymal",442,NA,NA,NA,"2024-04-12 14:28:07.041 +0200",NA
525,"maxillary",443,NA,NA,NA,"2024-04-12 14:28:07.041 +0200",NA
526,"symplectic",444,NA,NA,NA,"2024-04-12 14:28:07.041 +0200",NA
527,"metacarpal; fifth",53,NA,35,NA,"2024-04-12 14:28:07.041 +0200",NA
528,"metacarpal; fourth",53,NA,36,NA,"2024-04-12 14:28:07.041 +0200",NA
529,"metacarpal; second",53,NA,37,NA,"2024-04-12 14:28:07.041 +0200",NA
530,"metacarpal; third",53,NA,38,NA,"2024-04-12 14:28:07.041 +0200",NA
531,"metatarsal; fifth",55,NA,35,NA,"2024-04-12 14:28:07.041 +0200",NA
532,"metatarsal; fourth",55,NA,36,NA,"2024-04-12 14:28:07.041 +0200",NA
533,"metatarsal; second",55,NA,37,NA,"2024-04-12 14:28:07.041 +0200",NA
534,"metatarsal; third",55,NA,38,NA,"2024-04-12 14:28:07.041 +0200",NA
535,"mandible; fragment",46,NA,7,NA,"2024-04-12 14:28:07.041 +0200",NA
536,"rib; left",78,1,NA,NA,"2024-04-12 14:28:07.041 +0200",NA
537,"rib; right",78,2,NA,NA,"2024-04-12 14:28:07.041 +0200",NA
538,"stylohyoid; right",298,2,NA,NA,"2024-04-12 14:28:07.041 +0200",NA
539,"thyrohyoid; right",299,2,NA,NA,"2024-04-12 14:28:07.041 +0200",NA
540,"tooth; fragment",91,NA,7,NA,"2024-04-12 14:28:07.041 +0200",NA
541,"nut",400,NA,NA,NA,"2024-04-12 14:28:07.041 +0200",NA
542,"schizocarp",399,NA,NA,NA,"2024-04-12 14:28:07.041 +0200",NA
543,"sheath",398,NA,NA,NA,"2024-04-12 14:28:07.041 +0200",NA
544,"silique",316,NA,NA,NA,"2024-04-12 14:28:07.041 +0200",NA
545,"thorn",446,NA,NA,NA,"2024-04-12 14:28:07.041 +0200",NA
546,">20 µm",445,NA,NA,NA,"2024-04-12 14:28:07.041 +0200",NA
547,"leaflet",447,NA,NA,NA,"2024-04-12 14:28:07.041 +0200",NA
548,"phyllary",448,NA,NA,NA,"2024-04-12 14:28:07.041 +0200",NA
550,"catkin scale",452,NA,NA,NA,"2024-04-12 14:28:07.041 +0200",NA
551,"shoot",451,NA,NA,NA,"2024-04-12 14:28:07.041 +0200",NA
552,"stamen",450,NA,NA,NA,"2024-04-12 14:28:07.041 +0200",NA
553,"stem, leaf",453,NA,NA,NA,"2024-04-12 14:28:07.041 +0200",NA
554,"megasporangium",455,NA,NA,NA,"2024-04-12 14:28:07.041 +0200",NA
555,"bone/antler",457,NA,NA,NA,"2024-04-12 14:28:07.041 +0200",NA
556,"bark",253,NA,NA,NA,"2024-04-12 14:28:07.041 +0200",NA
557,"catkin bract, pistillate",458,NA,NA,NA,"2024-04-12 14:28:07.041 +0200",NA
558,"mass",459,NA,NA,NA,"2024-04-12 14:28:07.041 +0200",NA
559,"sclereid cell, star-shaped",460,NA,NA,NA,"2024-04-12 14:28:07.041 +0200",NA
560,"catkin, pistillate",462,NA,NA,NA,"2024-04-12 14:28:07.041 +0200",NA
561,"mericarp",464,NA,NA,NA,"2024-04-12 14:28:07.041 +0200",NA
562,"egg",466,NA,NA,NA,"2024-04-12 14:28:07.041 +0200",NA
563,"mandible/claw",465,NA,NA,NA,"2024-04-12 14:28:07.041 +0200",NA
564,"aboveground parts",467,NA,NA,NA,"2024-04-12 14:28:07.041 +0200",NA
565,"oocyte",468,NA,NA,NA,"2024-04-12 14:28:07.041 +0200",NA
566,"trichoblast",469,NA,NA,NA,"2024-04-12 14:28:07.041 +0200",NA
567,">180 µm",470,NA,NA,NA,"2024-04-12 14:28:07.041 +0200",NA
568,"80-125 µm",473,NA,NA,NA,"2024-04-12 14:28:07.041 +0200",NA
569,"<80 µm",472,NA,NA,NA,"2024-04-12 14:28:07.041 +0200",NA
570,"phytolith",471,NA,NA,NA,"2024-04-12 14:28:07.041 +0200",NA
571,"pupa (large)",475,NA,NA,NA,"2024-04-12 14:28:07.041 +0200",NA
572,"pupa (small)",476,NA,NA,NA,"2024-04-12 14:28:07.041 +0200",NA
573,"flower bud",477,NA,NA,NA,"2024-04-12 14:28:07.041 +0200",NA
574,"cyst (reticulate)",291,NA,NA,NA,"2024-04-12 14:28:07.041 +0200",NA
575,"hystrichosphere cyst",292,NA,NA,NA,"2024-04-12 14:28:07.041 +0200",NA
576,"epidermis",483,NA,NA,NA,"2024-04-12 14:28:07.041 +0200",NA
577,"fruit/seed",403,NA,NA,NA,"2024-04-12 14:28:07.041 +0200",NA
578,"vegetative",482,NA,NA,NA,"2024-04-12 14:28:07.041 +0200",NA
579,"mummy",481,NA,NA,NA,"2024-04-12 14:28:07.041 +0200",NA
580,"puparia",358,NA,NA,NA,"2024-04-12 14:28:07.041 +0200",NA
581,"carpometacarpus",484,NA,NA,NA,"2024-04-12 14:28:07.041 +0200",NA
582,"complete skeleton",485,NA,NA,NA,"2024-04-12 14:28:07.041 +0200",NA
583,"furculum",486,NA,NA,NA,"2024-04-12 14:28:07.041 +0200",NA
584,"longbone",487,NA,NA,NA,"2024-04-12 14:28:07.041 +0200",NA
585,"podial",488,NA,NA,NA,"2024-04-12 14:28:07.041 +0200",NA
586,"synsacrum",489,NA,NA,NA,"2024-04-12 14:28:07.041 +0200",NA
587,"tarsometatarsus",379,NA,NA,NA,"2024-04-12 14:28:07.041 +0200",NA
588,"tibiotarsus",380,NA,NA,NA,"2024-04-12 14:28:07.041 +0200",NA
589,"calcaneum",15,NA,NA,NA,"2024-04-12 14:28:07.041 +0200",NA
590,"areole",490,NA,NA,NA,"2024-04-12 14:28:07.041 +0200",NA
591,"bur",491,NA,NA,NA,"2024-04-12 14:28:07.041 +0200",NA
592,"nutshell",336,NA,NA,NA,"2024-04-12 14:28:07.041 +0200",NA
593,"cocoon",492,NA,NA,NA,"2024-04-12 14:28:07.041 +0200",NA
594,"awn",493,NA,NA,NA,"2024-04-12 14:28:07.041 +0200",NA
595,"navicular-cuboid",271,NA,NA,NA,"2024-04-12 14:28:07.041 +0200",NA
596,"radio-cubitus",497,NA,NA,NA,"2024-04-12 14:28:07.041 +0200",NA
597,"sepal",498,NA,NA,NA,"2024-04-12 14:28:07.041 +0200",NA
598,"metapodial, vestigial",499,NA,NA,NA,"2024-04-12 14:28:07.041 +0200",NA
599,"occipital condyle",60,NA,NA,NA,"2024-04-12 14:28:07.041 +0200",NA
600,"xylem",502,NA,NA,NA,"2024-04-12 14:28:07.041 +0200",NA
601,"beak",510,NA,NA,NA,"2024-04-12 14:28:07.041 +0200",NA
602,"bract/pappus",512,NA,NA,NA,"2024-04-12 14:28:07.041 +0200",NA
603,"bud/bract",513,NA,NA,NA,"2024-04-12 14:28:07.041 +0200",NA
604,"caryopsis",514,NA,NA,NA,"2024-04-12 14:28:07.041 +0200",NA
605,"flower/leaf",515,NA,NA,NA,"2024-04-12 14:28:07.041 +0200",NA
606,"gall",516,NA,NA,NA,"2024-04-12 14:28:07.041 +0200",NA
607,"megastrobilus/seed",511,NA,NA,NA,"2024-04-12 14:28:07.041 +0200",NA
608,"seed/pappus",517,NA,NA,NA,"2024-04-12 14:28:07.041 +0200",NA
609,"leaf hooks",523,NA,NA,NA,"2024-04-12 14:28:07.041 +0200",NA
610,"petiole",521,NA,NA,NA,"2024-04-12 14:28:07.041 +0200",NA
611,"hook",330,NA,NA,NA,"2024-04-12 14:28:07.041 +0200",NA
612,"perine",524,NA,NA,NA,"2024-04-12 14:28:07.041 +0200",NA
613,"aril",525,NA,NA,NA,"2024-04-12 14:28:07.041 +0200",NA
614,"berry",526,NA,NA,NA,"2024-04-12 14:28:07.041 +0200",NA
615,"cleistogene",527,NA,NA,NA,"2024-04-12 14:28:07.041 +0200",NA
616,"culm",528,NA,NA,NA,"2024-04-12 14:28:07.041 +0200",NA
617,"inflorescence",529,NA,NA,NA,"2024-04-12 14:28:07.041 +0200",NA
618,"pedicel",530,NA,NA,NA,"2024-04-12 14:28:07.041 +0200",NA
619,"ascospore",531,NA,NA,NA,"2024-04-12 14:28:07.041 +0200",NA
620,"fruit hooks",532,NA,NA,NA,"2024-04-12 14:28:07.041 +0200",NA
621,"leaf tip",533,NA,NA,NA,"2024-04-12 14:28:07.041 +0200",NA
622,"lorica",534,NA,NA,NA,"2024-04-12 14:28:07.041 +0200",NA
623,"zygospore/aplanospore",535,NA,NA,NA,"2024-04-12 14:28:07.041 +0200",NA
624,"inner lining",536,NA,NA,NA,"2024-04-12 14:28:07.041 +0200",NA
625,"body exoskeleton",538,NA,NA,NA,"2024-04-12 14:28:07.041 +0200",NA
626,"head capsule",362,NA,NA,NA,"2024-04-12 14:28:07.041 +0200",NA
627,"wet mass",537,NA,NA,NA,"2024-04-12 14:28:07.041 +0200",NA
628,"rhizome/root",543,NA,NA,NA,"2024-04-12 14:28:07.041 +0200",NA
629,"gametophore",544,NA,NA,NA,"2024-04-12 14:28:07.041 +0200",NA
630,"imago",545,NA,NA,NA,"2024-04-12 14:28:07.041 +0200",NA
631,"sporocarp",546,NA,NA,NA,"2024-04-12 14:28:07.041 +0200",NA
632,"seed epidermis",558,NA,NA,NA,"2024-04-12 14:28:07.041 +0200",NA
633,"labium",559,NA,NA,NA,"2024-04-12 14:28:07.041 +0200",NA
634,"ovum",560,NA,NA,NA,"2024-04-12 14:28:07.041 +0200",NA
635,"idioblast",547,NA,NA,NA,"2024-04-12 14:28:07.041 +0200",NA
636,"cell",552,NA,NA,NA,"2024-04-12 14:28:07.041 +0200",NA
637,">25 µm",540,NA,NA,NA,"2024-04-12 14:28:07.041 +0200",NA
638,"sporangium",562,NA,NA,NA,"2024-04-12 14:28:07.041 +0200",NA
639,"total",555,NA,NA,NA,"2024-04-12 14:28:07.041 +0200",NA
640,"cell cluster",567,NA,NA,NA,"2024-04-12 14:28:07.041 +0200",NA
641,"conidium",564,NA,NA,NA,"2024-04-12 14:28:07.041 +0200",NA
642,"conidium/chlamydospore",565,NA,NA,NA,"2024-04-12 14:28:07.041 +0200",NA
643,"fruit body/ascospore",566,NA,NA,NA,"2024-04-12 14:28:07.041 +0200",NA
644,"postabdomen, female",568,NA,NA,NA,"2024-04-12 14:28:07.041 +0200",NA
645,"sclereid cell",570,NA,NA,NA,"2024-04-12 14:28:07.041 +0200",NA
646,"fruit body",571,NA,NA,NA,"2024-04-12 14:28:07.041 +0200",NA
647,"microsclerotium",572,NA,NA,NA,"2024-04-12 14:28:07.041 +0200",NA
648,"mycorrhizal root",573,NA,NA,NA,"2024-04-12 14:28:07.041 +0200",NA
649,"heptacosane",574,NA,NA,NA,"2024-04-12 14:28:07.041 +0200",NA
650,"nonacosane",575,NA,NA,NA,"2024-04-12 14:28:07.041 +0200",NA
651,"tricosane",576,NA,NA,NA,"2024-04-12 14:28:07.041 +0200",NA
652,"seed/seed wing",522,NA,NA,NA,"2024-04-12 14:28:07.041 +0200",NA
653,"coccon",577,NA,NA,NA,"2024-04-12 14:28:07.041 +0200",NA
654,"peridinoid cyst",578,NA,NA,NA,"2024-04-12 14:28:07.041 +0200",NA
655,"filament/cell",553,NA,NA,NA,"2024-04-12 14:28:07.041 +0200",NA
656,"arolia",584,NA,NA,NA,"2024-04-12 14:28:07.041 +0200",NA
657,"lacinia",585,NA,NA,NA,"2024-04-12 14:28:07.041 +0200",NA
658,"carapace",509,NA,NA,NA,"2024-04-12 14:28:07.041 +0200",NA
659,"m/z = 1018",586,NA,NA,NA,"2024-04-12 14:28:07.041 +0200",NA
660,"m/z = 1020",587,NA,NA,NA,"2024-04-12 14:28:07.041 +0200",NA
661,"m/z = 1022",588,NA,NA,NA,"2024-04-12 14:28:07.041 +0200",NA
662,"m/z = 1032",589,NA,NA,NA,"2024-04-12 14:28:07.041 +0200",NA
663,"m/z = 1034",590,NA,NA,NA,"2024-04-12 14:28:07.041 +0200",NA
664,"m/z = 1036",591,NA,NA,NA,"2024-04-12 14:28:07.041 +0200",NA
665,"m/z = 1046",592,NA,NA,NA,"2024-04-12 14:28:07.041 +0200",NA
666,"m/z = 1048",593,NA,NA,NA,"2024-04-12 14:28:07.041 +0200",NA
667,"m/z = 1050",594,NA,NA,NA,"2024-04-12 14:28:07.041 +0200",NA
668,"m/z = 1292",595,NA,NA,NA,"2024-04-12 14:28:07.041 +0200",NA
669,"m/z = 1302",596,NA,NA,NA,"2024-04-12 14:28:07.041 +0200",NA
670,"number",598,NA,NA,NA,"2024-04-12 14:28:07.041 +0200",NA
671,"microfragment",556,NA,NA,NA,"2024-04-12 14:28:07.041 +0200",NA
672,"non-pollen palynomorph",549,NA,NA,NA,"2024-04-12 14:28:07.041 +0200",NA
673,">150 µm",600,NA,NA,NA,"2024-04-12 14:28:07.041 +0200",NA
674,"sclerotium",601,NA,NA,NA,"2024-04-12 14:28:07.041 +0200",NA
675,"mounted volume",599,NA,NA,NA,"2024-04-12 14:28:07.041 +0200",NA
676,">500 µm",612,NA,NA,NA,"2024-04-12 14:28:07.041 +0200",NA
677,"feather",613,NA,NA,NA,"2024-04-12 14:28:07.041 +0200",NA
678,"blood residue",614,NA,NA,NA,"2024-04-12 14:28:07.041 +0200",NA
679,"960°C",616,NA,NA,NA,"2024-04-12 14:28:07.041 +0200",NA
680,"LOI estimated",615,NA,NA,NA,"2024-04-12 14:28:07.041 +0200",NA
681,"particle",561,NA,NA,NA,"2024-04-12 14:28:07.041 +0200",NA
682,"entire",494,NA,NA,NA,"2024-04-12 14:28:07.041 +0200",NA
683,"needle; fragment",246,NA,7,NA,"2024-04-12 14:28:07.041 +0200",NA
684,"molybdenum anode tube",619,NA,NA,NA,"2024-04-12 14:28:07.041 +0200",NA
685,"bulk sediment",620,NA,NA,NA,"2024-04-12 14:28:07.041 +0200",NA
686,"tooth/tusk",625,NA,NA,NA,"2024-04-12 14:28:07.041 +0200",NA
689,"skeleton",454,NA,NA,NA,"2024-04-12 14:28:07.041 +0200",NA
690,"log",628,NA,NA,NA,"2024-04-12 14:28:07.041 +0200",NA
691,"spore mass",629,NA,NA,NA,"2024-04-12 14:28:07.041 +0200",NA
692,"egg/remains",633,NA,NA,NA,"2024-04-12 14:28:07.041 +0200",NA
693,">125 µm, grass",634,NA,NA,NA,"2024-04-12 14:28:07.041 +0200",NA
694,"trace fossil",635,NA,NA,NA,"2024-04-12 14:28:07.041 +0200",NA
695,">200 µm",636,NA,NA,NA,"2024-04-12 14:28:07.041 +0200",NA
696,">600 µm",637,NA,NA,NA,"2024-04-12 14:28:07.041 +0200",NA
697,"floral bract",638,NA,NA,NA,"2024-04-12 14:28:07.041 +0200",NA
698,"fid",639,NA,NA,NA,"2024-04-12 14:28:07.041 +0200",NA
699,"rhizome",641,NA,NA,NA,"2024-04-12 14:28:07.041 +0200",NA
700,"tracheid",618,NA,NA,NA,"2024-04-12 14:28:07.041 +0200",NA
701,"perforation plate, scalariform",642,NA,NA,NA,"2024-04-12 14:28:07.041 +0200",NA
702,"10-150 µm",649,NA,NA,NA,"2024-04-12 14:28:07.041 +0200",NA
703,"2-150 µm",650,NA,NA,NA,"2024-04-12 14:28:07.041 +0200",NA
704,"30-60 µm",647,NA,NA,NA,"2024-04-12 14:28:07.041 +0200",NA
705,"60-150 µm",648,NA,NA,NA,"2024-04-12 14:28:07.041 +0200",NA
706,"<30 µm",646,NA,NA,NA,"2024-04-12 14:28:07.041 +0200",NA
707,"metatarsal, third",278,NA,NA,NA,"2024-04-12 14:28:07.041 +0200",NA
708,"osteoderm",652,NA,NA,NA,"2024-04-12 14:28:07.041 +0200",NA
709,"epidermal scale",653,NA,NA,NA,"2024-04-12 14:28:07.041 +0200",NA
710,"metacarpal, fifth",273,NA,NA,NA,"2024-04-12 14:28:07.041 +0200",NA
711,"10-50 µm",654,NA,NA,NA,"2024-04-12 14:28:07.041 +0200",NA
712,"50-180 µm",655,NA,NA,NA,"2024-04-12 14:28:07.041 +0200",NA
713,"stylet muscle 3 (M3)",658,NA,NA,NA,"2024-04-12 14:28:07.041 +0200",NA
714,"stylet muscle 5 (M5)",659,NA,NA,NA,"2024-04-12 14:28:07.041 +0200",NA
715,"stylet muscle 6 (M6)",660,NA,NA,NA,"2024-04-12 14:28:07.041 +0200",NA
716,"1960-3920 µm^2",665,NA,NA,NA,"2024-04-12 14:28:07.041 +0200",NA
717,"3920-7840 µm^2",666,NA,NA,NA,"2024-04-12 14:28:07.041 +0200",NA
718,"7840-15680 µm^2",667,NA,NA,NA,"2024-04-12 14:28:07.041 +0200",NA
719,"980-1960 µm^2",668,NA,NA,NA,"2024-04-12 14:28:07.041 +0200",NA
720,">15680 µm^2",669,NA,NA,NA,"2024-04-12 14:28:07.041 +0200",NA
721,"massulae",548,NA,NA,NA,"2024-04-12 14:28:07.041 +0200",NA
723,"shoot, dwarf",671,NA,NA,NA,"2024-04-12 14:28:07.041 +0200",NA
725,"periderm",673,NA,NA,NA,"2024-04-12 14:28:07.041 +0200",NA
726,"cypsela",657,NA,NA,NA,"2024-04-12 14:28:07.041 +0200",NA
727,"dehiscence cap",675,NA,NA,NA,"2024-04-12 14:28:07.041 +0200",NA
728,"exocarp",674,NA,NA,NA,"2024-04-12 14:28:07.041 +0200",NA
729,"pinnule",676,NA,NA,NA,"2024-04-12 14:28:07.041 +0200",NA
730,"ephippia",677,NA,NA,NA,"2024-04-12 14:28:07.041 +0200",NA
734,"root; root",681,NA,41,NA,"2024-04-12 14:28:07.041 +0200",NA
735,"2200-20000 µm^2",682,NA,NA,NA,"2024-04-12 14:28:07.041 +0200",NA
736,"375-2200 µm^2",683,NA,NA,NA,"2024-04-12 14:28:07.041 +0200",NA
737,"75-375 µm^2",684,NA,NA,NA,"2024-04-12 14:28:07.041 +0200",NA
738,">20000 µm^2",685,NA,NA,NA,"2024-04-12 14:28:07.041 +0200",NA
740,"root",681,NA,NA,NA,"2024-04-12 14:28:07.041 +0200",NA
741,"phalanx, first; complete",687,NA,3,NA,"2024-04-12 14:28:07.041 +0200",NA
742,"head capsule; larva",362,NA,NA,12,"2024-04-12 14:28:07.041 +0200",NA
743,"elytron/head/pronotum",688,NA,NA,NA,"2024-04-12 14:28:07.041 +0200",NA
744,"head/prothorax",689,NA,NA,NA,"2024-04-12 14:28:07.041 +0200",NA
745,"prothorax",690,NA,NA,NA,"2024-04-12 14:28:07.041 +0200",NA
746,"stem/rhizome",691,NA,NA,NA,"2024-04-12 14:28:07.041 +0200",NA
747,"stipe",693,NA,NA,NA,"2024-04-12 14:28:07.041 +0200",NA
748,"utricle",692,NA,NA,NA,"2024-04-12 14:28:07.041 +0200",NA
749,"seed capsule",694,NA,NA,NA,"2024-04-12 14:28:07.041 +0200",NA
750,"chelicera",702,NA,NA,NA,"2024-04-12 14:28:07.041 +0200",NA
751,"gaster",701,NA,NA,NA,"2024-04-12 14:28:07.041 +0200",NA
752,"head/prothorax/scutellum",696,NA,NA,NA,"2024-04-12 14:28:07.041 +0200",NA
753,"head/prothorax/wing",697,NA,NA,NA,"2024-04-12 14:28:07.041 +0200",NA
754,"prothorax/wing",698,NA,NA,NA,"2024-04-12 14:28:07.041 +0200",NA
755,"terminalia",700,NA,NA,NA,"2024-04-12 14:28:07.041 +0200",NA
756,"various elements",699,NA,NA,NA,"2024-04-12 14:28:07.041 +0200",NA
757,"pericarp",707,NA,NA,NA,"2024-04-12 14:28:07.041 +0200",NA
758,"sorus",705,NA,NA,NA,"2024-04-12 14:28:07.041 +0200",NA
759,"sporangium, large",703,NA,NA,NA,"2024-04-12 14:28:07.041 +0200",NA
760,"sporangium, small",704,NA,NA,NA,"2024-04-12 14:28:07.041 +0200",NA
761,"syncarp",706,NA,NA,NA,"2024-04-12 14:28:07.041 +0200",NA
762,"forceps",708,NA,NA,NA,"2024-04-12 14:28:07.041 +0200",NA
763,"bone and tooth",710,NA,NA,NA,"2024-04-12 14:28:07.041 +0200",NA
764,"legume",711,NA,NA,NA,"2024-04-12 14:28:07.041 +0200",NA
765,"calyx",401,NA,NA,NA,"2024-04-12 14:28:07.041 +0200",NA
766,"pappus",712,NA,NA,NA,"2024-04-12 14:28:07.041 +0200",NA
767,"areole/spine",714,NA,NA,NA,"2024-04-12 14:28:07.041 +0200",NA
768,"branch",713,NA,NA,NA,"2024-04-12 14:28:07.041 +0200",NA
769,"bud/needle",715,NA,NA,NA,"2024-04-12 14:28:07.041 +0200",NA
770,"needle/seed",311,NA,NA,NA,"2024-04-12 14:28:07.041 +0200",NA
771,"remain",716,NA,NA,NA,"2024-04-12 14:28:07.041 +0200",NA
772,"shoot, short",717,NA,NA,NA,"2024-04-12 14:28:07.041 +0200",NA
773,"invertebrate undiff.",718,NA,NA,NA,"2024-04-12 14:28:07.041 +0200",NA
774,"amerospore",733,NA,NA,NA,"2024-04-12 14:28:07.041 +0200",NA
775,"7-180 µm",736,NA,NA,NA,"2024-04-12 14:28:07.041 +0200",NA
776,"long bone",412,NA,NA,NA,"2024-04-12 14:28:07.041 +0200",NA
777,"catkin, staminate",463,NA,NA,NA,"2024-04-12 14:28:07.041 +0200",NA
778,">45 µm",738,NA,NA,NA,"2024-04-12 14:28:07.041 +0200",NA
779,"<40 µm",541,NA,NA,NA,"2024-04-12 14:28:07.041 +0200",NA
780,">40 µm",542,NA,NA,NA,"2024-04-12 14:28:07.041 +0200",NA
781,">125 µm, arboreal",743,NA,NA,NA,"2024-04-12 14:28:07.041 +0200",NA
782,"seed pod",744,NA,NA,NA,"2024-04-12 14:28:07.041 +0200",NA
783,"5-250 µm",745,NA,NA,NA,"2024-04-12 14:28:07.041 +0200",NA
784,"180-250 µm",746,NA,NA,NA,"2024-04-12 14:28:07.041 +0200",NA
785,"10-100 μm",747,NA,NA,NA,"2024-04-12 14:28:07.041 +0200",NA
786,"opening diameter",749,NA,NA,NA,"2024-04-12 14:28:07.041 +0200",NA
787,"<150 µm",751,NA,NA,NA,"2024-04-12 14:28:07.041 +0200",NA
788,"batch number",748,NA,NA,NA,"2024-04-12 14:28:07.041 +0200",NA
789,"frozen carcass",752,NA,NA,NA,"2024-04-12 14:28:07.041 +0200",NA
790,">1 mm",758,NA,NA,NA,"2024-04-12 14:28:07.041 +0200",NA
791,">2 mm",759,NA,NA,NA,"2024-04-12 14:28:07.041 +0200",NA
792,"case",760,NA,NA,NA,"2024-04-12 14:28:07.041 +0200",NA
793,"leaf scar",761,NA,NA,NA,"2024-04-12 14:28:07.041 +0200",NA
794,"microsporophyll",762,NA,NA,NA,"2024-04-12 14:28:07.041 +0200",NA
796,"catkin bract",764,NA,NA,NA,"2024-04-12 14:28:07.041 +0200",NA
797,"node",765,NA,NA,NA,"2024-04-12 14:28:07.041 +0200",NA
798,"ovule scale",766,NA,NA,NA,"2024-04-12 14:28:07.041 +0200",NA
799,"plant case",767,NA,NA,NA,"2024-04-12 14:28:07.041 +0200",NA
800,"stone case",768,NA,NA,NA,"2024-04-12 14:28:07.041 +0200",NA
801,"arcellinida case",769,NA,NA,NA,"2024-04-12 14:28:07.041 +0200",NA
802,"bark/needle base",770,NA,NA,NA,"2024-04-12 14:28:07.041 +0200",NA
803,"leaf vein",771,NA,NA,NA,"2024-04-12 14:28:07.041 +0200",NA
804,"twig, with bark",772,NA,NA,NA,"2024-04-12 14:28:07.041 +0200",NA
805,"organic",773,NA,NA,NA,"2024-04-12 14:28:07.041 +0200",NA
806,">63 µm",774,NA,NA,NA,"2024-04-12 14:28:07.041 +0200",NA
807,"<35 µm",755,NA,NA,NA,"2024-04-12 14:28:07.041 +0200",NA
808,">35 µm",757,NA,NA,NA,"2024-04-12 14:28:07.041 +0200",NA
809,"10-160 µm",754,NA,NA,NA,"2024-04-12 14:28:07.041 +0200",NA
810,">160 µm",756,NA,NA,NA,"2024-04-12 14:28:07.041 +0200",NA
811,"sterigma",779,NA,NA,NA,"2024-04-12 14:28:07.041 +0200",NA
812,"leaf; fragment",290,NA,7,NA,"2024-04-12 14:28:07.041 +0200",NA
813,"10-250 µm",782,NA,NA,NA,"2024-04-12 14:28:07.041 +0200",NA
814,"5-100 µm",753,NA,NA,NA,"2024-04-12 14:28:07.041 +0200",NA
815,"ivory",784,NA,NA,NA,"2024-04-12 14:28:07.041 +0200",NA
816,"conidiophore",783,NA,NA,NA,"2024-04-12 14:28:07.041 +0200",NA
817,"feces",785,NA,NA,NA,"2024-04-12 14:28:07.041 +0200",NA
818,"radius/ulna",388,NA,NA,NA,"2024-04-12 14:28:07.041 +0200",NA
819,"20-50 µm",786,NA,NA,NA,"2024-04-12 14:28:07.041 +0200",NA
820,"<20 µm",787,NA,NA,NA,"2024-04-12 14:28:07.041 +0200",NA
821,"chlamydospore",563,NA,NA,NA,"2024-04-12 14:28:07.041 +0200",NA
822,"postabdomen, male",569,NA,NA,NA,"2024-04-12 14:28:07.041 +0200",NA
823,"capsule, cap",788,NA,NA,NA,"2024-04-12 14:28:07.041 +0200",NA
824,"perigynium/seed",789,NA,NA,NA,"2024-04-12 14:28:07.041 +0200",NA
825,"spindle",790,NA,NA,NA,"2024-04-12 14:28:07.041 +0200",NA
826,"biogenic silica",791,NA,NA,NA,"2024-04-12 14:28:07.041 +0200",NA
827,"bud/bud scale",792,NA,NA,NA,"2024-04-12 14:28:07.041 +0200",NA
828,"scar tree",793,NA,NA,NA,"2024-04-12 14:28:07.041 +0200",NA
829,"branchlet",520,NA,NA,NA,"2024-04-12 14:28:07.041 +0200",NA
830,"catkin",461,NA,NA,NA,"2024-04-12 14:28:07.041 +0200",NA
831,"cone scale",804,NA,NA,NA,"2024-04-12 14:28:07.041 +0200",NA
832,"female catkin",802,NA,NA,NA,"2024-04-12 14:28:07.041 +0200",NA
833,"male catkin",803,NA,NA,NA,"2024-04-12 14:28:07.041 +0200",NA
834,"ascocarp",NA,NA,NA,NA,"2024-04-12 14:28:07.041 +0200",NA
835,"parenchyma cell",NA,NA,NA,NA,"2024-04-12 14:28:07.041 +0200",NA
836,"hyphopodium",NA,NA,NA,NA,"2024-04-12 14:28:07.041 +0200",NA
837,"150-1000 µm",NA,NA,NA,NA,"2024-04-12 14:28:07.041 +0200",NA
838,"50-150 µm",NA,NA,NA,NA,"2024-04-12 14:28:07.041 +0200",NA
839,">1000 µm",NA,NA,NA,NA,"2024-04-12 14:28:07.041 +0200",NA
840,"melaleuca quinquenervia",NA,NA,NA,NA,"2024-04-12 14:28:07.041 +0200",NA
841,"bulk",NA,NA,NA,NA,"2024-04-12 14:28:07.041 +0200",NA
842,"coenobium",NA,NA,NA,NA,"2024-04-12 14:28:07.041 +0200",NA
843,"base cell",NA,NA,NA,NA,"2024-04-12 14:28:07.041 +0200",NA
844,"12-16 µm",NA,NA,NA,NA,"2024-04-12 14:28:07.041 +0200",NA
845,"16-20 µm",NA,NA,NA,NA,"2024-04-12 14:28:07.041 +0200",NA
846,"20-24 µm",NA,NA,NA,NA,"2024-04-12 14:28:07.041 +0200",NA
847,"24-28 µm",NA,NA,NA,NA,"2024-04-12 14:28:07.041 +0200",NA
848,"28-32 µm",NA,NA,NA,NA,"2024-04-12 14:28:07.041 +0200",NA
849,"32-36 µm",NA,NA,NA,NA,"2024-04-12 14:28:07.041 +0200",NA
850,"36-40 µm",NA,NA,NA,NA,"2024-04-12 14:28:07.041 +0200",NA
851,"40-44 µm",NA,NA,NA,NA,"2024-04-12 14:28:07.041 +0200",NA
852,"48-52 µm",NA,NA,NA,NA,"2024-04-12 14:28:07.041 +0200",NA
853,"52-56 µm",NA,NA,NA,NA,"2024-04-12 14:28:07.041 +0200",NA
854,"56-60 µm",NA,NA,NA,NA,"2024-04-12 14:28:07.041 +0200",NA
855,"60-64 µm",NA,NA,NA,NA,"2024-04-12 14:28:07.041 +0200",NA
856,"68-72 µm",NA,NA,NA,NA,"2024-04-12 14:28:07.041 +0200",NA
857,"72-76 µm",NA,NA,NA,NA,"2024-04-12 14:28:07.041 +0200",NA
858,"76-80 µm",NA,NA,NA,NA,"2024-04-12 14:28:07.041 +0200",NA
859,"8-12 µm",NA,NA,NA,NA,"2024-04-12 14:28:07.041 +0200",NA
860,"80-84 µm",NA,NA,NA,NA,"2024-04-12 14:28:07.041 +0200",NA
861,"88-92 µm",NA,NA,NA,NA,"2024-04-12 14:28:07.041 +0200",NA
862,"92-96 µm",NA,NA,NA,NA,"2024-04-12 14:28:07.041 +0200",NA
863,"44-48 µm",NA,NA,NA,NA,"2024-04-12 14:28:07.041 +0200",NA
864,"64-68 µm",NA,NA,NA,NA,"2024-04-12 14:28:07.041 +0200",NA
865,"84-88 µm",NA,NA,NA,NA,"2024-04-12 14:28:07.041 +0200",NA
866,">95 µm",NA,NA,NA,NA,"2024-04-12 14:28:07.041 +0200",NA
867,"bract/samara",NA,NA,NA,NA,"2024-04-12 14:28:07.041 +0200",NA
868,"linear dimension",NA,NA,NA,NA,"2024-04-12 14:28:07.041 +0200",NA
869,"residue",NA,NA,NA,NA,"2024-04-12 14:28:07.041 +0200",NA
870,"weight",NA,NA,NA,NA,"2024-04-12 14:28:07.041 +0200",NA
871,"150-500 μm",NA,NA,NA,NA,"2024-04-12 14:28:07.041 +0200",NA
872,"seed/seed wing; fragment",NA,NA,7,NA,"2024-04-12 14:28:07.041 +0200",NA
873,"500-1180 μm",NA,NA,NA,NA,"2024-04-12 14:28:07.041 +0200",NA
874,"cone",NA,NA,NA,NA,"2024-04-12 14:28:07.041 +0200",NA
875,"hoof",NA,NA,NA,NA,"2024-04-12 14:28:07.041 +0200",NA
876,"150-425 μm",NA,NA,NA,NA,"2024-04-12 14:28:07.041 +0200",NA
877,"425-1180 μm",NA,NA,NA,NA,"2024-04-12 14:28:07.041 +0200",NA
878,"cone scale bract",NA,NA,NA,NA,"2024-04-12 14:28:07.041 +0200",NA
879,"50-500 µm",NA,NA,NA,NA,"2024-04-12 14:28:07.041 +0200",NA
880,"frond",NA,NA,NA,NA,"2024-04-12 14:28:07.041 +0200",NA
881,"50-125 µm",NA,NA,NA,NA,"2024-04-12 14:28:07.041 +0200",NA
882,"grain",NA,NA,NA,NA,"2024-04-12 14:28:07.041 +0200",NA
883,"trichosclereid",NA,NA,NA,NA,"2024-04-12 14:28:07.041 +0200",NA
884,"<10 µm",NA,NA,NA,NA,"2024-04-12 14:28:07.041 +0200",NA
885,"dermal ossicle",NA,NA,NA,NA,"2024-04-12 14:28:07.041 +0200",NA
886,"charred epidermis",NA,NA,NA,NA,"2024-04-12 14:28:07.041 +0200",NA
887,"root hair",NA,NA,NA,NA,"2024-04-12 14:28:07.041 +0200",NA
888,"root yellowish cells",NA,NA,NA,NA,"2024-04-12 14:28:07.041 +0200",NA
889,"<180 µm",NA,NA,NA,NA,"2024-04-12 14:28:07.041 +0200",NA
890,"leaf scale",NA,NA,NA,NA,"2024-04-12 14:28:07.041 +0200",NA
891,"needle; middle",NA,NA,58,NA,"2024-04-12 14:28:07.041 +0200",NA
892,"< 10 µm",NA,NA,NA,NA,"2024-04-12 14:28:07.041 +0200",NA
893,"filament",NA,NA,NA,NA,"2024-04-12 14:28:07.041 +0200",NA
894,"catkin scale, female",NA,NA,NA,NA,"2024-04-12 14:28:07.041 +0200",NA
895,"charcoal",NA,NA,NA,NA,"2024-04-12 14:28:07.041 +0200",NA
896,"leaf/leaf fragment",NA,NA,NA,NA,"2024-04-12 14:28:07.041 +0200",NA
897,"water mass %",NA,NA,NA,NA,"2024-04-12 14:28:07.041 +0200",NA
898,"plant",NA,NA,NA,NA,"2024-04-12 14:28:07.041 +0200",NA
899,"decomposition",NA,NA,NA,NA,"2024-04-12 14:28:07.041 +0200",NA
900,"soil",NA,NA,NA,NA,"2024-04-12 14:28:07.041 +0200",NA
901,"stone",NA,NA,NA,NA,"2024-04-12 14:28:07.041 +0200",NA
902,"faecal pellet",NA,NA,NA,NA,"2024-04-12 14:28:07.041 +0200",NA
903,"macroremains",NA,NA,NA,NA,"2024-04-12 14:28:07.041 +0200",NA
904,"dry specific gravity",NA,NA,NA,NA,"2024-04-12 14:28:07.041 +0200",NA
905,"wet specific gravity",NA,NA,NA,NA,"2024-04-12 14:28:07.041 +0200",NA
906,"518 nm light transmission",NA,NA,NA,NA,"2024-04-12 14:28:07.041 +0200",NA
907,"dry specific weight",NA,NA,NA,NA,"2024-04-12 14:28:07.041 +0200",NA
908,"branch periderm",NA,NA,NA,NA,"2024-04-12 14:28:07.041 +0200",NA
909,"bud (unripe)",NA,NA,NA,NA,"2024-04-12 14:28:07.041 +0200",NA
910,"bud (young)",NA,NA,NA,NA,"2024-04-12 14:28:07.041 +0200",NA
911,"budscale",NA,NA,NA,NA,"2024-04-12 14:28:07.041 +0200",NA
912,"carapax",NA,NA,NA,NA,"2024-04-12 14:28:07.041 +0200",NA
913,"cf. budscale",NA,NA,NA,NA,"2024-04-12 14:28:07.041 +0200",NA
914,"cf. stem",NA,NA,NA,NA,"2024-04-12 14:28:07.041 +0200",NA
915,"fragment (black)",NA,NA,NA,NA,"2024-04-12 14:28:07.041 +0200",NA
916,"fragment (brown)",NA,NA,NA,NA,"2024-04-12 14:28:07.041 +0200",NA
917,"fragment (forked)",NA,NA,NA,NA,"2024-04-12 14:28:07.041 +0200",NA
918,"leaf callus",NA,NA,NA,NA,"2024-04-12 14:28:07.041 +0200",NA
919,"leaf sheath",NA,NA,NA,NA,"2024-04-12 14:28:07.041 +0200",NA
920,"needle base",NA,NA,NA,NA,"2024-04-12 14:28:07.041 +0200",NA
921,"seed (brown)",NA,NA,NA,NA,"2024-04-12 14:28:07.041 +0200",NA
922,"spine/mandible",NA,NA,NA,NA,"2024-04-12 14:28:07.041 +0200",NA
923,"fibre",NA,NA,NA,NA,"2024-04-12 14:28:07.041 +0200",NA
924,"wood fragment (large)",NA,NA,NA,NA,"2024-04-12 14:28:07.041 +0200",NA
925,"wood fragment (small)",NA,NA,NA,NA,"2024-04-12 14:28:07.041 +0200",NA
926,"tooth, first molar",NA,NA,NA,NA,"2024-04-12 14:28:07.041 +0200",NA
927,"yr/cm",NA,NA,NA,NA,"2024-04-12 14:28:07.041 +0200",NA
928,"flux",NA,NA,NA,NA,"2024-04-12 14:28:07.041 +0200",NA
929,"0-50 µm",NA,NA,NA,NA,"2024-04-12 14:28:07.041 +0200",NA
930,"DNA Sequence",NA,NA,NA,NA,"2024-04-12 14:28:07.041 +0200",NA
931,"10-25 µm",NA,NA,NA,NA,"2024-04-12 14:28:07.041 +0200",NA
932,"pollen/cm²/yr",NA,NA,NA,NA,"2024-04-12 14:28:07.041 +0200",NA
933,"grains/cm²/yr",NA,NA,NA,NA,"2024-04-12 14:28:07.041 +0200",NA
934,"head, left elytron, right elytron",NA,NA,NA,NA,"2024-04-12 14:28:07.041 +0200",NA
935,"head, pronotum",NA,NA,NA,NA,"2024-04-12 14:28:07.041 +0200",NA
936,"head, pronotum, left elytron, right elytron",NA,NA,NA,NA,"2024-04-12 14:28:07.041 +0200",NA
937,"head, right elytron",NA,NA,NA,NA,"2024-04-12 14:28:07.041 +0200",NA
938,"left elytron",NA,NA,NA,NA,"2024-04-12 14:28:07.041 +0200",NA
939,"left elytron, right elytron",NA,NA,NA,NA,"2024-04-12 14:28:07.041 +0200",NA
940,"pronotum, left elytron, right elytron",NA,NA,NA,NA,"2024-04-12 14:28:07.041 +0200",NA
941,"right elytron",NA,NA,NA,NA,"2024-04-12 14:28:07.041 +0200",NA
942,"150-250 µm",NA,NA,NA,NA,"2024-04-12 14:28:07.041 +0200",NA
943,"250-500 µm",NA,NA,NA,NA,"2024-04-12 14:28:07.041 +0200",NA
944,"cephalothoraces",NA,NA,NA,NA,"2024-04-12 14:28:07.041 +0200",NA
945,"elytra",NA,NA,NA,NA,"2024-04-12 14:28:07.041 +0200",NA
946,"head, elytra",NA,NA,NA,NA,"2024-04-12 14:28:07.041 +0200",NA
947,"head, elytron",NA,NA,NA,NA,"2024-04-12 14:28:07.041 +0200",NA
948,"head, pronotum, elytra",NA,NA,NA,NA,"2024-04-12 14:28:07.041 +0200",NA
949,"head, pronotum, elytron",NA,NA,NA,NA,"2024-04-12 14:28:07.041 +0200",NA
950,"pronotum, elytra",NA,NA,NA,NA,"2024-04-12 14:28:07.041 +0200",NA
951,"pronotum, elytron",NA,NA,NA,NA,"2024-04-12 14:28:07.041 +0200",NA
952,"head, pronota, elytra",NA,NA,NA,NA,"2024-04-12 14:28:07.041 +0200",NA
953,"250-500 μm",NA,NA,NA,NA,"2024-04-12 14:28:07.041 +0200",NA
954,"bark and cone scale fragments",NA,NA,NA,NA,"2024-04-12 14:28:07.041 +0200",NA
955,"branchlet with leaf scars",NA,NA,NA,NA,"2024-04-12 14:28:07.041 +0200",NA
956,"bud scales and anthers",NA,NA,NA,NA,"2024-04-12 14:28:07.041 +0200",NA
957,"female catkin scale",NA,NA,NA,NA,"2024-04-12 14:28:07.041 +0200",NA
958,"female cone scale",NA,NA,NA,NA,"2024-04-12 14:28:07.041 +0200",NA
959,"leaf fragment",NA,NA,NA,NA,"2024-04-12 14:28:07.041 +0200",NA
960,"male cone",NA,NA,NA,NA,"2024-04-12 14:28:07.041 +0200",NA
961,"needle cushion",NA,NA,NA,NA,"2024-04-12 14:28:07.041 +0200",NA
962,"nut scale",NA,NA,NA,NA,"2024-04-12 14:28:07.041 +0200",NA
963,"short-shoot",NA,NA,NA,NA,"2024-04-12 14:28:07.041 +0200",NA
964,"pronotum, left elytron",NA,NA,NA,NA,"2024-04-12 14:28:07.041 +0200",NA
965,"pronotum, right elytron",NA,NA,NA,NA,"2024-04-12 14:28:07.041 +0200",NA
966,"head, pronotum, right elytron",NA,NA,NA,NA,"2024-04-12 14:28:07.041 +0200",NA
967,"mandibles",NA,NA,NA,NA,"2024-04-12 14:28:07.041 +0200",NA
968,"head, left elytron",NA,NA,NA,NA,"2024-04-12 14:28:07.041 +0200",NA
969,"head, pronotum, left elytron",NA,NA,NA,NA,"2024-04-12 14:28:07.041 +0200",NA
970,"insects and feathers",NA,NA,NA,NA,"2024-04-12 14:28:07.041 +0200",NA
971,"jaw",NA,NA,NA,NA,"2024-04-12 14:28:07.041 +0200",NA
972,"tooth, premolar",NA,NA,NA,NA,"2024-04-12 14:28:07.041 +0200",NA
973,"uncertainty conc",NA,NA,NA,NA,"2024-04-12 14:28:07.041 +0200",NA
974,"spherules",NA,NA,NA,NA,"2024-04-12 14:28:07.041 +0200",NA
975,"concentration error",NA,NA,NA,NA,"2024-04-12 14:28:07.041 +0200",NA
976,"trnL p6-loop",NA,NA,NA,NA,"2024-04-12 14:28:07.041 +0200",NA
977,"added",NA,NA,NA,NA,"2024-04-12 14:28:07.041 +0200",NA
978,"clump",NA,NA,NA,NA,"2024-04-12 14:28:07.041 +0200",NA
979,"tetrad",NA,NA,NA,NA,"2024-04-12 14:28:07.041 +0200",NA
980,"remains",NA,NA,NA,NA,"2024-04-12 14:28:07.041 +0200",NA
981,"105°C",NA,NA,NA,NA,"2024-04-12 14:28:07.041 +0200",NA
982,"influx",NA,NA,NA,NA,"2024-04-12 14:28:07.041 +0200",NA
983,"15-60 µm",NA,NA,NA,NA,"2024-04-12 14:28:07.041 +0200",NA
984,"macrofragment",NA,NA,NA,NA,"2024-04-12 14:28:07.041 +0200",NA
985,"phalanx, first",NA,NA,NA,NA,"2024-04-12 14:28:07.041 +0200",NA
986,"counted (non-dino)",NA,NA,NA,NA,"2024-04-12 14:28:07.041 +0200",NA
987,"650°c",NA,NA,NA,NA,"2024-04-12 14:28:07.041 +0200",NA
988,"charred leaf fragment",NA,NA,NA,NA,"2024-04-12 14:28:07.041 +0200",NA
989,"charred needle fragment",NA,NA,NA,NA,"2024-04-12 14:28:07.041 +0200",NA
990,"seed wing fragment",NA,NA,NA,NA,"2024-04-12 14:28:07.041 +0200",NA
991,"ilium",NA,NA,NA,NA,"2024-04-12 14:28:07.041 +0200",NA
992,"ischium",NA,NA,NA,NA,"2024-04-12 14:28:07.041 +0200",NA
993,"talus",NA,NA,NA,NA,"2024-04-12 14:28:07.041 +0200",NA
994,"occipital",NA,NA,NA,NA,"2024-04-12 14:28:07.041 +0200",NA
995,"125-500 μm",NA,NA,NA,NA,"2024-04-12 14:28:07.041 +0200",NA
996,"charred remain",NA,NA,NA,NA,"2024-04-12 14:28:07.041 +0200",NA
997,"seed/leaf",NA,NA,NA,NA,"2024-04-12 14:28:07.041 +0200",NA
998,"seed/leaf",NA,NA,NA,NA,"2024-04-12 14:28:07.041 +0200",NA
999,"seed/spindle",NA,NA,NA,NA,"2024-04-12 14:28:07.041 +0200",NA
1000,"epidermis/spine",NA,NA,NA,NA,"2024-04-12 14:28:07.041 +0200",NA
1001,"seed/leaf",NA,NA,NA,NA,"2024-04-12 14:28:07.041 +0200",NA
1002,"high frequency 15616 hz 200 a/m",NA,NA,NA,NA,"2024-04-12 14:28:07.041 +0200",NA
1003,"low frequency 976 hz 200 a/m",NA,NA,NA,NA,"2024-04-12 14:28:07.041 +0200",NA
1004,"mineral residue",NA,NA,NA,NA,"2024-04-12 14:28:07.041 +0200",NA
1005,"wet volume",NA,NA,NA,NA,"2024-04-12 14:28:07.041 +0200",NA
1006,"clump of 2",NA,NA,NA,NA,"2024-04-12 14:28:07.041 +0200",NA
1007,"clump of 3",NA,NA,NA,NA,"2024-04-12 14:28:07.041 +0200",NA
1008,"leaf-hair base",NA,NA,NA,NA,"2024-04-12 14:28:07.041 +0200",NA
1009,"tooth, caniform",NA,NA,NA,NA,"2024-04-12 14:28:07.041 +0200",NA
1010,"bulk tissue",NA,NA,NA,NA,"2024-04-12 14:28:07.041 +0200",NA
1011,"125 µm",NA,NA,NA,NA,"2024-04-12 14:28:07.041 +0200",NA
1012,"250 µm",NA,NA,NA,NA,"2024-04-12 14:28:07.041 +0200",NA
